make[1]: Entering directory '/home/zenin/kernel/out'
  SYNC    include/config/auto.conf.cmd
  GEN     Makefile
  HOSTCC  scripts/basic/fixdep
  HOSTCC  scripts/kconfig/conf.o
  HOSTCC  scripts/kconfig/confdata.o
  HOSTCC  scripts/kconfig/expr.o
  HOSTCC  scripts/kconfig/lexer.lex.o
  HOSTCC  scripts/kconfig/menu.o
  HOSTCC  scripts/kconfig/parser.tab.o
  HOSTCC  scripts/kconfig/preprocess.o
  HOSTCC  scripts/kconfig/symbol.o
  HOSTCC  scripts/kconfig/util.o
  HOSTLD  scripts/kconfig/conf
  GEN     Makefile
  HOSTCC  arch/arm64/tools/gen-hyprel
  WRAP    arch/arm64/include/generated/uapi/asm/kvm_para.h
  WRAP    arch/arm64/include/generated/uapi/asm/errno.h
  WRAP    arch/arm64/include/generated/uapi/asm/ioctl.h
  WRAP    arch/arm64/include/generated/uapi/asm/ioctls.h
  WRAP    arch/arm64/include/generated/uapi/asm/ipcbuf.h
  WRAP    arch/arm64/include/generated/uapi/asm/msgbuf.h
  WRAP    arch/arm64/include/generated/uapi/asm/poll.h
  WRAP    arch/arm64/include/generated/uapi/asm/resource.h
  WRAP    arch/arm64/include/generated/uapi/asm/sembuf.h
  WRAP    arch/arm64/include/generated/uapi/asm/shmbuf.h
  WRAP    arch/arm64/include/generated/uapi/asm/siginfo.h
  WRAP    arch/arm64/include/generated/uapi/asm/socket.h
  WRAP    arch/arm64/include/generated/uapi/asm/sockios.h
  WRAP    arch/arm64/include/generated/uapi/asm/stat.h
  WRAP    arch/arm64/include/generated/uapi/asm/swab.h
  WRAP    arch/arm64/include/generated/uapi/asm/termbits.h
  WRAP    arch/arm64/include/generated/uapi/asm/termios.h
  WRAP    arch/arm64/include/generated/uapi/asm/types.h
  HOSTCC  scripts/dtc/dtc.o
  HOSTCC  scripts/dtc/flattree.o
  HOSTCC  scripts/dtc/fstree.o
  HOSTCC  scripts/dtc/data.o
  HOSTCC  scripts/dtc/livetree.o
  HOSTCC  scripts/dtc/treesource.o
  HOSTCC  scripts/dtc/srcpos.o
  HOSTCC  scripts/dtc/checks.o
  HOSTCC  scripts/dtc/util.o
  LEX     scripts/dtc/dtc-lexer.lex.c
  YACC    scripts/dtc/dtc-parser.tab.[ch]
  HOSTCC  scripts/dtc/libfdt/fdt.o
  HOSTCC  scripts/dtc/libfdt/fdt_ro.o
  HOSTCC  scripts/dtc/libfdt/fdt_wip.o
  HOSTCC  scripts/dtc/libfdt/fdt_sw.o
  HOSTCC  scripts/dtc/libfdt/fdt_rw.o
  HOSTCC  scripts/dtc/libfdt/fdt_strerror.o
  HOSTCC  scripts/dtc/libfdt/fdt_empty_tree.o
  HOSTCC  scripts/dtc/libfdt/fdt_addresses.o
  HOSTCC  scripts/dtc/libfdt/fdt_overlay.o
  HOSTCC  scripts/dtc/fdtoverlay.o
  HOSTLD  scripts/dtc/fdtoverlay
  WRAP    arch/arm64/include/generated/asm/early_ioremap.h
  WRAP    arch/arm64/include/generated/asm/mcs_spinlock.h
  WRAP    arch/arm64/include/generated/asm/qrwlock.h
  WRAP    arch/arm64/include/generated/asm/qspinlock.h
  WRAP    arch/arm64/include/generated/asm/parport.h
  WRAP    arch/arm64/include/generated/asm/user.h
  WRAP    arch/arm64/include/generated/asm/bugs.h
  WRAP    arch/arm64/include/generated/asm/delay.h
  WRAP    arch/arm64/include/generated/asm/div64.h
  WRAP    arch/arm64/include/generated/asm/dma-mapping.h
  WRAP    arch/arm64/include/generated/asm/dma.h
  WRAP    arch/arm64/include/generated/asm/emergency-restart.h
  WRAP    arch/arm64/include/generated/asm/hw_irq.h
  WRAP    arch/arm64/include/generated/asm/irq_regs.h
  WRAP    arch/arm64/include/generated/asm/kdebug.h
  WRAP    arch/arm64/include/generated/asm/kmap_size.h
  WRAP    arch/arm64/include/generated/asm/local.h
  WRAP    arch/arm64/include/generated/asm/local64.h
  WRAP    arch/arm64/include/generated/asm/mmiowb.h
  WRAP    arch/arm64/include/generated/asm/msi.h
  WRAP    arch/arm64/include/generated/asm/serial.h
  WRAP    arch/arm64/include/generated/asm/softirq_stack.h
  WRAP    arch/arm64/include/generated/asm/switch_to.h
  WRAP    arch/arm64/include/generated/asm/trace_clock.h
  WRAP    arch/arm64/include/generated/asm/unaligned.h
  WRAP    arch/arm64/include/generated/asm/vga.h
  UPD     include/generated/uapi/linux/version.h
  UPD     include/generated/compile.h
  HOSTCC  scripts/unifdef
  UPD     include/config/kernel.release
  HOSTCC  scripts/dtc/dtc-lexer.lex.o
  HOSTCC  scripts/dtc/dtc-parser.tab.o
  UPD     include/generated/utsrelease.h
  HOSTLD  scripts/dtc/dtc
  HOSTCC  scripts/kallsyms
  HOSTCC  scripts/sorttable
  HOSTCC  scripts/asn1_compiler
  HOSTCC  scripts/genksyms/genksyms.o
  HOSTCC  scripts/selinux/genheaders/genheaders
  DTC     arch/arm64/boot/dts/hisilicon/hi3660-hikey960.dtb
  YACC    scripts/genksyms/parse.tab.[ch]
  HOSTCC  scripts/selinux/mdp/mdp
  DTC     arch/arm64/boot/dts/hisilicon/hi3670-hikey970.dtb
  LEX     scripts/genksyms/lex.lex.c
  DTC     arch/arm64/boot/dts/hisilicon/hi3798cv200-poplar.dtb
  DTC     arch/arm64/boot/dts/allwinner/sun50i-a64-amarula-relic.dtb
  DTC     arch/arm64/boot/dts/hisilicon/hi6220-hikey.dtb
  DTC     arch/arm64/boot/dts/allwinner/sun50i-a64-bananapi-m64.dtb
  DTC     arch/arm64/boot/dts/hisilicon/hip05-d02.dtb
  DTC     arch/arm64/boot/dts/allwinner/sun50i-a64-nanopi-a64.dtb
  DTC     arch/arm64/boot/dts/hisilicon/hip06-d03.dtb
  DTC     arch/arm64/boot/dts/hisilicon/hip07-d05.dtb
  DTC     arch/arm64/boot/dts/allwinner/sun50i-a64-oceanic-5205-5inmfd.dtb
  DTC     arch/arm64/boot/dts/allwinner/sun50i-a64-olinuxino.dtb
  DTC     arch/arm64/boot/dts/allwinner/sun50i-a64-olinuxino-emmc.dtb
  DTC     arch/arm64/boot/dts/allwinner/sun50i-a64-orangepi-win.dtb
  DTC     arch/arm64/boot/dts/qcom/apq8016-sbc.dtb
  DTC     arch/arm64/boot/dts/allwinner/sun50i-a64-pine64-lts.dtb
  DTC     arch/arm64/boot/dts/qcom/apq8094-sony-xperia-kitakami-karin_windy.dtb
  DTC     arch/arm64/boot/dts/allwinner/sun50i-a64-pine64-plus.dtb
  DTC     arch/arm64/boot/dts/allwinner/sun50i-a64-pine64.dtb
  DTC     arch/arm64/boot/dts/qcom/apq8096-db820c.dtb
  DTC     arch/arm64/boot/dts/allwinner/sun50i-a64-pinebook.dtb
  DTC     arch/arm64/boot/dts/qcom/apq8096-ifc6640.dtb
  DTC     arch/arm64/boot/dts/allwinner/sun50i-a64-pinephone-1.0.dtb
  DTC     arch/arm64/boot/dts/qcom/ipq6018-cp01-c1.dtb
  DTC     arch/arm64/boot/dts/allwinner/sun50i-a64-pinephone-1.1.dtb
  DTC     arch/arm64/boot/dts/qcom/ipq8074-hk01.dtb
  DTC     arch/arm64/boot/dts/allwinner/sun50i-a64-pinephone-1.2.dtb
  DTC     arch/arm64/boot/dts/qcom/ipq8074-hk10-c1.dtb
  DTC     arch/arm64/boot/dts/qcom/ipq8074-hk10-c2.dtb
  DTC     arch/arm64/boot/dts/allwinner/sun50i-a64-pinetab.dtb
  DTC     arch/arm64/boot/dts/qcom/msm8916-alcatel-idol347.dtb
  DTC     arch/arm64/boot/dts/allwinner/sun50i-a64-pinetab-early-adopter.dtb
  DTC     arch/arm64/boot/dts/qcom/msm8916-asus-z00l.dtb
  DTC     arch/arm64/boot/dts/allwinner/sun50i-a64-sopine-baseboard.dtb
  DTC     arch/arm64/boot/dts/qcom/msm8916-huawei-g7.dtb
  DTC     arch/arm64/boot/dts/allwinner/sun50i-a64-teres-i.dtb
  DTC     arch/arm64/boot/dts/qcom/msm8916-longcheer-l8150.dtb
  DTC     arch/arm64/boot/dts/allwinner/sun50i-a100-allwinner-perf1.dtb
  DTC     arch/arm64/boot/dts/qcom/msm8916-longcheer-l8910.dtb
  DTC     arch/arm64/boot/dts/allwinner/sun50i-h5-bananapi-m2-plus.dtb
  DTC     arch/arm64/boot/dts/allwinner/sun50i-h5-bananapi-m2-plus-v1.2.dtb
  DTC     arch/arm64/boot/dts/qcom/msm8916-mtp.dtb
  DTC     arch/arm64/boot/dts/qcom/msm8916-samsung-a3u-eur.dtb
  DTC     arch/arm64/boot/dts/allwinner/sun50i-h5-emlid-neutis-n5-devboard.dtb
  DTC     arch/arm64/boot/dts/allwinner/sun50i-h5-libretech-all-h3-cc.dtb
  DTC     arch/arm64/boot/dts/qcom/msm8916-samsung-a5u-eur.dtb
  DTC     arch/arm64/boot/dts/qcom/msm8916-samsung-e5.dtb
  DTC     arch/arm64/boot/dts/qcom/msm8916-samsung-e7.dtb
  DTC     arch/arm64/boot/dts/allwinner/sun50i-h5-libretech-all-h3-it.dtb
  DTC     arch/arm64/boot/dts/allwinner/sun50i-h5-libretech-all-h5-cc.dtb
  DTC     arch/arm64/boot/dts/qcom/msm8916-samsung-grandmax.dtb
  DTC     arch/arm64/boot/dts/qcom/msm8916-samsung-j5.dtb
  DTC     arch/arm64/boot/dts/allwinner/sun50i-h5-nanopi-neo2.dtb
  DTC     arch/arm64/boot/dts/allwinner/sun50i-h5-nanopi-neo-plus2.dtb
  DTC     arch/arm64/boot/dts/qcom/msm8916-samsung-serranove.dtb
  DTC     arch/arm64/boot/dts/qcom/msm8916-wingtech-wt88047.dtb
  DTC     arch/arm64/boot/dts/allwinner/sun50i-h5-nanopi-r1s-h5.dtb
  DTC     arch/arm64/boot/dts/allwinner/sun50i-h5-orangepi-pc2.dtb
  DTC     arch/arm64/boot/dts/qcom/msm8992-lg-bullhead-rev-10.dtb
  DTC     arch/arm64/boot/dts/allwinner/sun50i-h5-orangepi-prime.dtb
  DTC     arch/arm64/boot/dts/qcom/msm8992-lg-bullhead-rev-101.dtb
  DTC     arch/arm64/boot/dts/qcom/msm8992-msft-lumia-octagon-talkman.dtb
  DTC     arch/arm64/boot/dts/allwinner/sun50i-h5-orangepi-zero-plus.dtb
  DTC     arch/arm64/boot/dts/qcom/msm8992-xiaomi-libra.dtb
  DTC     arch/arm64/boot/dts/allwinner/sun50i-h5-orangepi-zero-plus2.dtb
  DTC     arch/arm64/boot/dts/qcom/msm8994-huawei-angler-rev-101.dtb
  DTC     arch/arm64/boot/dts/allwinner/sun50i-h6-beelink-gs1.dtb
  DTC     arch/arm64/boot/dts/allwinner/sun50i-h6-orangepi-3.dtb
  DTC     arch/arm64/boot/dts/qcom/msm8994-msft-lumia-octagon-cityman.dtb
  DTC     arch/arm64/boot/dts/allwinner/sun50i-h6-orangepi-lite2.dtb
  DTC     arch/arm64/boot/dts/qcom/msm8994-sony-xperia-kitakami-ivy.dtb
  DTC     arch/arm64/boot/dts/qcom/msm8994-sony-xperia-kitakami-karin.dtb
  DTC     arch/arm64/boot/dts/allwinner/sun50i-h6-orangepi-one-plus.dtb
  DTC     arch/arm64/boot/dts/qcom/msm8994-sony-xperia-kitakami-satsuki.dtb
  DTC     arch/arm64/boot/dts/allwinner/sun50i-h6-pine-h64.dtb
  DTC     arch/arm64/boot/dts/qcom/msm8994-sony-xperia-kitakami-sumire.dtb
  DTC     arch/arm64/boot/dts/allwinner/sun50i-h6-pine-h64-model-b.dtb
  DTC     arch/arm64/boot/dts/qcom/msm8994-sony-xperia-kitakami-suzuran.dtb
  DTC     arch/arm64/boot/dts/allwinner/sun50i-h6-tanix-tx6.dtb
  DTC     arch/arm64/boot/dts/qcom/msm8996-mtp.dtb
  DTC     arch/arm64/boot/dts/allwinner/sun50i-h6-tanix-tx6-mini.dtb
  DTC     arch/arm64/boot/dts/qcom/msm8996-sony-xperia-tone-dora.dtb
  DTC     arch/arm64/boot/dts/allwinner/sun50i-h616-orangepi-zero2.dtb
  DTC     arch/arm64/boot/dts/qcom/msm8996-sony-xperia-tone-kagura.dtb
  DTC     arch/arm64/boot/dts/allwinner/sun50i-h616-x96-mate.dtb
  DTC     arch/arm64/boot/dts/qcom/msm8996-sony-xperia-tone-keyaki.dtb
  DTC     arch/arm64/boot/dts/qcom/msm8996-xiaomi-gemini.dtb
  DTC     arch/arm64/boot/dts/qcom/msm8996-xiaomi-scorpio.dtb
  DTC     arch/arm64/boot/dts/qcom/msm8996-xiaomi-natrium.dtb
  DTC     arch/arm64/boot/dts/qcom/msm8998-asus-novago-tp370ql.dtb
../arch/arm64/boot/dts/qcom/msm8996.dtsi:2954.36-2962.5: Warning (clocks_property): /soc/clock-controller@6400000: Missing property '#clock-cells' in node /soc/mailbox@9820000 or bad phandle (referred from clocks[2])
../arch/arm64/boot/dts/qcom/msm8996.dtsi:2954.36-2962.5: Warning (clocks_property): /soc/clock-controller@6400000: Missing property '#clock-cells' in node /soc/mailbox@9820000 or bad phandle (referred from clocks[2])
../arch/arm64/boot/dts/qcom/msm8996.dtsi:2954.36-2962.5: Warning (clocks_property): /soc/clock-controller@6400000: Missing property '#clock-cells' in node /soc/mailbox@9820000 or bad phandle (referred from clocks[2])
  DTC     arch/arm64/boot/dts/qcom/msm8998-fxtec-pro1.dtb
../arch/arm64/boot/dts/qcom/msm8996.dtsi:2954.36-2962.5: Warning (clocks_property): /soc/clock-controller@6400000: Missing property '#clock-cells' in node /soc/mailbox@9820000 or bad phandle (referred from clocks[2])
../arch/arm64/boot/dts/qcom/msm8996.dtsi:2954.36-2962.5: Warning (clocks_property): /soc/clock-controller@6400000: Missing property '#clock-cells' in node /soc/mailbox@9820000 or bad phandle (referred from clocks[2])
  DTC     arch/arm64/boot/dts/qcom/msm8998-hp-envy-x2.dtb
  DTC     arch/arm64/boot/dts/qcom/msm8998-lenovo-miix-630.dtb
  DTC     arch/arm64/boot/dts/qcom/msm8998-mtp.dtb
  DTC     arch/arm64/boot/dts/qcom/msm8998-oneplus-cheeseburger.dtb
  DTC     arch/arm64/boot/dts/qcom/msm8998-oneplus-dumpling.dtb
  DTC     arch/arm64/boot/dts/qcom/msm8998-sony-xperia-yoshino-lilac.dtb
  DTC     arch/arm64/boot/dts/qcom/msm8998-sony-xperia-yoshino-maple.dtb
  DTC     arch/arm64/boot/dts/qcom/msm8998-sony-xperia-yoshino-poplar.dtb
  DTC     arch/arm64/boot/dts/qcom/qcs404-evb-1000.dtb
  DTC     arch/arm64/boot/dts/qcom/qcs404-evb-4000.dtb
  DTC     arch/arm64/boot/dts/qcom/qrb5165-rb5.dtb
  DTC     arch/arm64/boot/dts/qcom/sa8155p-adp.dtb
  DTC     arch/arm64/boot/dts/qcom/sa8295p-adp.dtb
  DTC     arch/arm64/boot/dts/qcom/sc7180-idp.dtb
  DTC     arch/arm64/boot/dts/qcom/sc7180-trogdor-coachz-r1.dtb
  DTC     arch/arm64/boot/dts/qcom/sc7180-trogdor-coachz-r1-lte.dtb
  DTC     arch/arm64/boot/dts/qcom/sc7180-trogdor-coachz-r3.dtb
  DTC     arch/arm64/boot/dts/qcom/sc7180-trogdor-coachz-r3-lte.dtb
  DTC     arch/arm64/boot/dts/qcom/sc7180-trogdor-homestar-r2.dtb
  DTC     arch/arm64/boot/dts/qcom/sc7180-trogdor-homestar-r3.dtb
  DTC     arch/arm64/boot/dts/qcom/sc7180-trogdor-homestar-r4.dtb
  DTC     arch/arm64/boot/dts/qcom/sc7180-trogdor-kingoftown-r0.dtb
  DTC     arch/arm64/boot/dts/qcom/sc7180-trogdor-kingoftown-r1.dtb
  DTC     arch/arm64/boot/dts/qcom/sc7180-trogdor-lazor-r0.dtb
  DTC     arch/arm64/boot/dts/qcom/sc7180-trogdor-lazor-r1.dtb
  DTC     arch/arm64/boot/dts/qcom/sc7180-trogdor-lazor-r1-kb.dtb
  DTC     arch/arm64/boot/dts/qcom/sc7180-trogdor-lazor-r1-lte.dtb
  DTC     arch/arm64/boot/dts/qcom/sc7180-trogdor-lazor-r3-kb.dtb
  DTC     arch/arm64/boot/dts/qcom/sc7180-trogdor-lazor-r3.dtb
../arch/arm64/boot/dts/qcom/msm8996.dtsi:2954.36-2962.5: Warning (clocks_property): /soc/clock-controller@6400000: Missing property '#clock-cells' in node /soc/mailbox@9820000 or bad phandle (referred from clocks[2])
../arch/arm64/boot/dts/qcom/msm8996.dtsi:2954.36-2962.5: Warning (clocks_property): /soc/clock-controller@6400000: Missing property '#clock-cells' in node /soc/mailbox@9820000 or bad phandle (referred from clocks[2])
  DTC     arch/arm64/boot/dts/qcom/sc7180-trogdor-lazor-r3-lte.dtb
  DTC     arch/arm64/boot/dts/qcom/sc7180-trogdor-lazor-r9.dtb
  DTC     arch/arm64/boot/dts/qcom/sc7180-trogdor-lazor-r9-kb.dtb
  DTC     arch/arm64/boot/dts/qcom/sc7180-trogdor-lazor-r9-lte.dtb
  DTC     arch/arm64/boot/dts/qcom/sc7180-trogdor-lazor-limozeen-r4.dtb
  DTC     arch/arm64/boot/dts/qcom/sc7180-trogdor-lazor-limozeen-r9.dtb
  DTC     arch/arm64/boot/dts/qcom/sc7180-trogdor-lazor-limozeen-nots-r4.dtb
  DTC     arch/arm64/boot/dts/qcom/sc7180-trogdor-lazor-limozeen-nots-r5.dtb
  DTC     arch/arm64/boot/dts/qcom/sc7180-trogdor-lazor-limozeen-nots-r9.dtb
  DTC     arch/arm64/boot/dts/qcom/sc7180-trogdor-mrbland-rev0-auo.dtb
  DTC     arch/arm64/boot/dts/qcom/sc7180-trogdor-mrbland-rev0-boe.dtb
  DTC     arch/arm64/boot/dts/qcom/sc7180-trogdor-mrbland-rev1-auo.dtb
  DTC     arch/arm64/boot/dts/qcom/sc7180-trogdor-mrbland-rev1-boe.dtb
  DTC     arch/arm64/boot/dts/qcom/sc7180-trogdor-pazquel-lte-parade.dtb
  DTC     arch/arm64/boot/dts/qcom/sc7180-trogdor-pazquel-lte-ti.dtb
  DTC     arch/arm64/boot/dts/qcom/sc7180-trogdor-pazquel-parade.dtb
  DTC     arch/arm64/boot/dts/qcom/sc7180-trogdor-pazquel-ti.dtb
  DTC     arch/arm64/boot/dts/qcom/sc7180-trogdor-pompom-r1.dtb
  DTC     arch/arm64/boot/dts/qcom/sc7180-trogdor-pompom-r1-lte.dtb
  DTC     arch/arm64/boot/dts/qcom/sc7180-trogdor-pompom-r2.dtb
  DTC     arch/arm64/boot/dts/qcom/sc7180-trogdor-pompom-r2-lte.dtb
  DTC     arch/arm64/boot/dts/qcom/sc7180-trogdor-pompom-r3.dtb
../arch/arm64/boot/dts/qcom/msm8996.dtsi:2954.36-2962.5: Warning (clocks_property): /soc/clock-controller@6400000: Missing property '#clock-cells' in node /soc/mailbox@9820000 or bad phandle (referred from clocks[2])
  DTC     arch/arm64/boot/dts/qcom/sc7180-trogdor-pompom-r3-lte.dtb
  DTC     arch/arm64/boot/dts/qcom/sc7180-trogdor-quackingstick-r0.dtb
  DTC     arch/arm64/boot/dts/qcom/sc7180-trogdor-quackingstick-r0-lte.dtb
  DTC     arch/arm64/boot/dts/qcom/sc7180-trogdor-wormdingler-rev0-boe.dtb
  DTC     arch/arm64/boot/dts/qcom/sc7180-trogdor-wormdingler-rev1-boe.dtb
  DTC     arch/arm64/boot/dts/qcom/sc7180-trogdor-wormdingler-rev0-inx.dtb
  DTC     arch/arm64/boot/dts/qcom/sc7180-trogdor-wormdingler-rev1-inx.dtb
  DTC     arch/arm64/boot/dts/qcom/sc7180-trogdor-wormdingler-rev1-inx-rt5682s.dtb
  DTC     arch/arm64/boot/dts/qcom/sc7180-trogdor-wormdingler-rev1-boe-rt5682s.dtb
  DTC     arch/arm64/boot/dts/qcom/sc7180-trogdor-r1.dtb
  DTC     arch/arm64/boot/dts/qcom/sc7180-trogdor-r1-lte.dtb
  DTC     arch/arm64/boot/dts/qcom/sc7280-herobrine-crd.dtb
  DTC     arch/arm64/boot/dts/qcom/sc7280-herobrine-evoker-r0.dtb
  DTC     arch/arm64/boot/dts/qcom/sc7280-herobrine-herobrine-r1.dtb
  DTC     arch/arm64/boot/dts/qcom/sc7280-herobrine-villager-r0.dtb
../arch/arm64/boot/dts/qcom/msm8996.dtsi:2954.36-2962.5: Warning (clocks_property): /soc/clock-controller@6400000: Missing property '#clock-cells' in node /soc/mailbox@9820000 or bad phandle (referred from clocks[2])
  DTC     arch/arm64/boot/dts/qcom/sc7280-herobrine-villager-r1.dtb
  DTC     arch/arm64/boot/dts/qcom/sc7280-herobrine-villager-r1-lte.dtb
  HOSTCC  scripts/genksyms/parse.tab.o
  DTC     arch/arm64/boot/dts/qcom/sc7280-idp.dtb
  HOSTCC  scripts/genksyms/lex.lex.o
  DTC     arch/arm64/boot/dts/qcom/sc7280-idp2.dtb
  DTC     arch/arm64/boot/dts/qcom/sc7280-crd-r3.dtb
  DTC     arch/arm64/boot/dts/qcom/sc8280xp-crd.dtb
  DTC     arch/arm64/boot/dts/qcom/sc8280xp-lenovo-thinkpad-x13s.dtb
  DTC     arch/arm64/boot/dts/qcom/sda660-inforce-ifc6560.dtb
  DTC     arch/arm64/boot/dts/qcom/sdm630-sony-xperia-ganges-kirin.dtb
  DTC     arch/arm64/boot/dts/qcom/sdm630-sony-xperia-nile-discovery.dtb
  DTC     arch/arm64/boot/dts/qcom/sdm630-sony-xperia-nile-pioneer.dtb
  DTC     arch/arm64/boot/dts/qcom/sdm630-sony-xperia-nile-voyager.dtb
  DTC     arch/arm64/boot/dts/qcom/sdm632-fairphone-fp3.dtb
  DTC     arch/arm64/boot/dts/qcom/sdm636-sony-xperia-ganges-mermaid.dtb
  DTC     arch/arm64/boot/dts/qcom/sdm660-xiaomi-lavender.dtb
  DTC     arch/arm64/boot/dts/qcom/sdm845-cheza-r1.dtb
  HOSTLD  scripts/genksyms/genksyms
  DTC     arch/arm64/boot/dts/qcom/sdm845-cheza-r2.dtb
  DTC     arch/arm64/boot/dts/qcom/sdm845-cheza-r3.dtb
  DTC     arch/arm64/boot/dts/qcom/sdm845-db845c.dtb
  DTC     arch/arm64/boot/dts/qcom/sdm845-lg-judyln.dtb
  DTC     arch/arm64/boot/dts/qcom/sdm845-lg-judyp.dtb
  DTC     arch/arm64/boot/dts/qcom/sdm845-mtp.dtb
  DTC     arch/arm64/boot/dts/qcom/sdm845-oneplus-enchilada.dtb
  DTC     arch/arm64/boot/dts/qcom/sdm845-oneplus-fajita.dtb
  DTC     arch/arm64/boot/dts/qcom/sdm845-sony-xperia-tama-akari.dtb
  DTC     arch/arm64/boot/dts/qcom/sdm845-sony-xperia-tama-akatsuki.dtb
  DTC     arch/arm64/boot/dts/qcom/sdm845-xiaomi-beryllium.dtb
  DTC     arch/arm64/boot/dts/qcom/sdm845-sony-xperia-tama-apollo.dtb
  DTC     arch/arm64/boot/dts/qcom/sdm845-xiaomi-polaris.dtb
  DTC     arch/arm64/boot/dts/qcom/sdm845-shift-axolotl.dtb
  DTC     arch/arm64/boot/dts/qcom/sdm850-lenovo-yoga-c630.dtb
  DTC     arch/arm64/boot/dts/qcom/sdm850-samsung-w737.dtb
  DTC     arch/arm64/boot/dts/qcom/sm6125-sony-xperia-seine-pdx201.dtb
  DTC     arch/arm64/boot/dts/qcom/sm6350-sony-xperia-lena-pdx213.dtb
  DTC     arch/arm64/boot/dts/qcom/sm8150-hdk.dtb
  DTC     arch/arm64/boot/dts/qcom/sm7225-fairphone-fp4.dtb
  DTC     arch/arm64/boot/dts/qcom/sm8150-microsoft-surface-duo.dtb
  DTC     arch/arm64/boot/dts/qcom/sm8150-mtp.dtb
  DTC     arch/arm64/boot/dts/qcom/sm8150-sony-xperia-kumano-bahamut.dtb
  DTC     arch/arm64/boot/dts/qcom/sm8150-sony-xperia-kumano-griffin.dtb
  DTC     arch/arm64/boot/dts/qcom/sm8250-hdk.dtb
  DTC     arch/arm64/boot/dts/qcom/sm8250-mtp.dtb
  DTC     arch/arm64/boot/dts/qcom/sm8250-sony-xperia-edo-pdx203.dtb
  DTC     arch/arm64/boot/dts/qcom/sm8250-sony-xperia-edo-pdx206.dtb
  DTC     arch/arm64/boot/dts/qcom/sm8350-hdk.dtb
  DTC     arch/arm64/boot/dts/qcom/sm8350-microsoft-surface-duo2.dtb
  DTC     arch/arm64/boot/dts/qcom/sm8350-sony-xperia-sagami-pdx214.dtb
  DTC     arch/arm64/boot/dts/qcom/sm8350-mtp.dtb
  DTC     arch/arm64/boot/dts/qcom/sm8350-sony-xperia-sagami-pdx215.dtb
  DTC     arch/arm64/boot/dts/qcom/sm8450-hdk.dtb
  DTC     arch/arm64/boot/dts/qcom/sm8450-qrd.dtb
  DTC     arch/arm64/boot/dts/qcom/sm8450-sony-xperia-nagara-pdx223.dtb
  HDRINST usr/include/asm-generic/posix_types.h
  HDRINST usr/include/asm-generic/hugetlb_encode.h
  HDRINST usr/include/asm-generic/ipcbuf.h
  HDRINST usr/include/asm-generic/msgbuf.h
  HDRINST usr/include/asm-generic/kvm_para.h
  HDRINST usr/include/asm-generic/mman.h
  HDRINST usr/include/asm-generic/siginfo.h
  HDRINST usr/include/asm-generic/socket.h
  HDRINST usr/include/asm-generic/auxvec.h
  HDRINST usr/include/asm-generic/int-l64.h
  HDRINST usr/include/asm-generic/unistd.h
  HDRINST usr/include/asm-generic/setup.h
  HDRINST usr/include/asm-generic/signal.h
  HDRINST usr/include/asm-generic/shmbuf.h
  HDRINST usr/include/asm-generic/param.h
  HDRINST usr/include/asm-generic/ioctl.h
  HDRINST usr/include/asm-generic/swab.h
  HDRINST usr/include/asm-generic/stat.h
  HDRINST usr/include/asm-generic/bpf_perf_event.h
  HDRINST usr/include/asm-generic/errno-base.h
  HDRINST usr/include/asm-generic/sembuf.h
  HDRINST usr/include/asm-generic/int-ll64.h
  HDRINST usr/include/asm-generic/termbits-common.h
  HDRINST usr/include/asm-generic/ioctls.h
  HDRINST usr/include/asm-generic/resource.h
  HDRINST usr/include/asm-generic/sockios.h
  HDRINST usr/include/asm-generic/signal-defs.h
  HDRINST usr/include/asm-generic/statfs.h
  HDRINST usr/include/asm-generic/termios.h
  HDRINST usr/include/asm-generic/errno.h
  HDRINST usr/include/asm-generic/mman-common.h
  HDRINST usr/include/asm-generic/poll.h
  HDRINST usr/include/asm-generic/fcntl.h
  HDRINST usr/include/asm-generic/ucontext.h
  HDRINST usr/include/asm-generic/bitsperlong.h
  HDRINST usr/include/asm-generic/termbits.h
  HDRINST usr/include/asm-generic/types.h
  HDRINST usr/include/drm/sis_drm.h
  HDRINST usr/include/drm/drm_fourcc.h
  HDRINST usr/include/drm/radeon_drm.h
  HDRINST usr/include/drm/drm_mode.h
  HDRINST usr/include/drm/virtgpu_drm.h
  HDRINST usr/include/drm/v3d_drm.h
  HDRINST usr/include/drm/omap_drm.h
  HDRINST usr/include/drm/i915_drm.h
  HDRINST usr/include/drm/tegra_drm.h
  HDRINST usr/include/drm/exynos_drm.h
  HDRINST usr/include/drm/lima_drm.h
  HDRINST usr/include/drm/r128_drm.h
  HDRINST usr/include/drm/drm_sarea.h
  HDRINST usr/include/drm/via_drm.h
  HDRINST usr/include/drm/mga_drm.h
  HDRINST usr/include/drm/savage_drm.h
  HDRINST usr/include/drm/drm.h
  HDRINST usr/include/drm/msm_drm.h
  HDRINST usr/include/drm/panfrost_drm.h
  HDRINST usr/include/drm/vc4_drm.h
  HDRINST usr/include/drm/armada_drm.h
  HDRINST usr/include/drm/etnaviv_drm.h
  HDRINST usr/include/drm/i810_drm.h
  HDRINST usr/include/drm/vgem_drm.h
  HDRINST usr/include/drm/amdgpu_drm.h
  HDRINST usr/include/drm/qxl_drm.h
  HDRINST usr/include/drm/nouveau_drm.h
  HDRINST usr/include/drm/vmwgfx_drm.h
  HDRINST usr/include/linux/virtio_scsi.h
  HDRINST usr/include/linux/if_infiniband.h
  HDRINST usr/include/linux/qrtr.h
  HDRINST usr/include/linux/nl80211.h
  HDRINST usr/include/linux/ipv6_route.h
  HDRINST usr/include/linux/scc.h
  HDRINST usr/include/linux/posix_types.h
  HDRINST usr/include/linux/netlink_diag.h
  HDRINST usr/include/linux/blktrace_api.h
  HDRINST usr/include/linux/v4l2-common.h
  HDRINST usr/include/linux/toshiba.h
  HDRINST usr/include/linux/dns_resolver.h
  HDRINST usr/include/linux/nfc.h
  HDRINST usr/include/linux/uinput.h
  HDRINST usr/include/linux/serio.h
  HDRINST usr/include/linux/nfs4.h
  HDRINST usr/include/linux/wireguard.h
  HDRINST usr/include/linux/fiemap.h
  HDRINST usr/include/linux/coda.h
  HDRINST usr/include/linux/bfs_fs.h
  HDRINST usr/include/linux/psample.h
  HDRINST usr/include/linux/hsr_netlink.h
  HDRINST usr/include/linux/kfd_ioctl.h
  HDRINST usr/include/linux/atmapi.h
  HDRINST usr/include/linux/blkzoned.h
  HDRINST usr/include/linux/netfilter.h
  HDRINST usr/include/linux/cxl_mem.h
  HDRINST usr/include/linux/ppp-ioctl.h
  HDRINST usr/include/linux/tee.h
  HDRINST usr/include/linux/loop.h
  HDRINST usr/include/linux/vbox_err.h
  HDRINST usr/include/linux/kcmp.h
  HDRINST usr/include/linux/batadv_packet.h
  HDRINST usr/include/linux/mdio.h
  HDRINST usr/include/linux/baycom.h
  HDRINST usr/include/linux/vfio_zdev.h
  HDRINST usr/include/linux/signalfd.h
  HDRINST usr/include/linux/netdevice.h
  HDRINST usr/include/linux/if_arcnet.h
  HDRINST usr/include/linux/virtio_snd.h
  HDRINST usr/include/linux/parport.h
  HDRINST usr/include/linux/capability.h
  HDRINST usr/include/linux/ppdev.h
  HDRINST usr/include/linux/in.h
  HDRINST usr/include/linux/input.h
  HDRINST usr/include/linux/virtio_pci.h
  HDRINST usr/include/linux/if_fddi.h
  HDRINST usr/include/linux/psp-sev.h
  HDRINST usr/include/linux/dlmconstants.h
  HDRINST usr/include/linux/ppp-comp.h
  HDRINST usr/include/linux/mrp_bridge.h
  HDRINST usr/include/linux/mptcp.h
  HDRINST usr/include/linux/atmsvc.h
  HDRINST usr/include/linux/synclink.h
  HDRINST usr/include/linux/seccomp.h
  HDRINST usr/include/linux/v4l2-controls.h
  HDRINST usr/include/linux/dlm_netlink.h
  HDRINST usr/include/linux/gameport.h
  HDRINST usr/include/linux/netfilter_ipv4.h
  HDRINST usr/include/linux/vhost_types.h
  HDRINST usr/include/linux/personality.h
  HDRINST usr/include/linux/if_addrlabel.h
  HDRINST usr/include/linux/atm_tcp.h
  HDRINST usr/include/linux/virtio_iommu.h
  HDRINST usr/include/linux/if_team.h
  HDRINST usr/include/linux/kvm_para.h
  HDRINST usr/include/linux/tipc_sockets_diag.h
  HDRINST usr/include/linux/in_route.h
  HDRINST usr/include/linux/genwqe/genwqe_card.h
  HDRINST usr/include/linux/ip6_tunnel.h
  HDRINST usr/include/linux/timex.h
  HDRINST usr/include/linux/ethtool.h
  HDRINST usr/include/linux/scif_ioctl.h
  HDRINST usr/include/linux/pktcdvd.h
  HDRINST usr/include/linux/unix_diag.h
  HDRINST usr/include/linux/if_tunnel.h
  HDRINST usr/include/linux/ultrasound.h
  HDRINST usr/include/linux/timerfd.h
  HDRINST usr/include/linux/nilfs2_ondisk.h
  HDRINST usr/include/linux/arm_sdei.h
  HDRINST usr/include/linux/packet_diag.h
  HDRINST usr/include/linux/virtio_pmem.h
  HDRINST usr/include/linux/cciss_defs.h
  HDRINST usr/include/linux/elf.h
  HDRINST usr/include/linux/memfd.h
  HDRINST usr/include/linux/zorro_ids.h
  HDRINST usr/include/linux/tiocl.h
  HDRINST usr/include/linux/loadpin.h
  HDRINST usr/include/linux/if_eql.h
  HDRINST usr/include/linux/eventpoll.h
  HDRINST usr/include/linux/icmp.h
  HDRINST usr/include/linux/udp.h
  HDRINST usr/include/linux/tc_act/tc_skbmod.h
  HDRINST usr/include/linux/tc_act/tc_pedit.h
  HDRINST usr/include/linux/tc_act/tc_nat.h
  HDRINST usr/include/linux/tc_act/tc_mpls.h
  HDRINST usr/include/linux/tc_act/tc_mirred.h
  HDRINST usr/include/linux/tc_act/tc_vlan.h
  HDRINST usr/include/linux/tc_act/tc_ctinfo.h
  HDRINST usr/include/linux/tc_act/tc_csum.h
  HDRINST usr/include/linux/tc_act/tc_gact.h
  HDRINST usr/include/linux/tc_act/tc_skbedit.h
  HDRINST usr/include/linux/tc_act/tc_sample.h
  HDRINST usr/include/linux/tc_act/tc_bpf.h
  HDRINST usr/include/linux/tc_act/tc_ipt.h
  HDRINST usr/include/linux/tc_act/tc_ife.h
  HDRINST usr/include/linux/tc_act/tc_connmark.h
  HDRINST usr/include/linux/tc_act/tc_gate.h
  HDRINST usr/include/linux/tc_act/tc_defact.h
  HDRINST usr/include/linux/tc_act/tc_ct.h
  HDRINST usr/include/linux/tc_act/tc_tunnel_key.h
  HDRINST usr/include/linux/usbdevice_fs.h
  HDRINST usr/include/linux/v4l2-dv-timings.h
  HDRINST usr/include/linux/apm_bios.h
  HDRINST usr/include/linux/dm-log-userspace.h
  HDRINST usr/include/linux/am437x-vpfe.h
  HDRINST usr/include/linux/radeonfb.h
  HDRINST usr/include/linux/dcbnl.h
  HDRINST usr/include/linux/mman.h
  HDRINST usr/include/linux/netfilter_ipv6/ip6t_NPT.h
  HDRINST usr/include/linux/netfilter_ipv6/ip6t_rt.h
  HDRINST usr/include/linux/netfilter_ipv6/ip6t_mh.h
  HDRINST usr/include/linux/netfilter_ipv6/ip6t_hl.h
  GEN     arch/arm64/include/generated/asm/cpucaps.h
  HDRINST usr/include/linux/netfilter_ipv6/ip6t_ah.h
  GEN     arch/arm64/include/generated/asm/sysreg-defs.h
  HDRINST usr/include/linux/netfilter_ipv6/ip6t_REJECT.h
  HDRINST usr/include/linux/netfilter_ipv6/ip6t_frag.h
  HDRINST usr/include/linux/netfilter_ipv6/ip6t_LOG.h
  HDRINST usr/include/linux/netfilter_ipv6/ip6t_opts.h
  HDRINST usr/include/linux/netfilter_ipv6/ip6t_srh.h
  HDRINST usr/include/linux/netfilter_ipv6/ip6t_ipv6header.h
  HDRINST usr/include/linux/netfilter_ipv6/ip6_tables.h
  HDRINST usr/include/linux/netfilter_ipv6/ip6t_HL.h
  HDRINST usr/include/linux/mmtimer.h
  HDRINST usr/include/linux/amt.h
  HDRINST usr/include/linux/android_fuse.h
  HDRINST usr/include/linux/smc_diag.h
  HDRINST usr/include/linux/kdev_t.h
  HDRINST usr/include/linux/can/error.h
  HDRINST usr/include/linux/can/isotp.h
  HDRINST usr/include/linux/can/raw.h
  HDRINST usr/include/linux/can/netlink.h
  HDRINST usr/include/linux/can/j1939.h
  HDRINST usr/include/linux/can/bcm.h
  HDRINST usr/include/linux/can/gw.h
  HDRINST usr/include/linux/can/vxcan.h
  HDRINST usr/include/linux/hyperv.h
  HDRINST usr/include/linux/can.h
  HDRINST usr/include/linux/ip_vs.h
  HDRINST usr/include/linux/ipc.h
  HDRINST usr/include/linux/utsname.h
  HDRINST usr/include/linux/batman_adv.h
  HDRINST usr/include/linux/nfs2.h
  HDRINST usr/include/linux/fuse.h
  HDRINST usr/include/linux/landlock.h
  HDRINST usr/include/linux/fsverity.h
  HDRINST usr/include/linux/if_slip.h
  HDRINST usr/include/linux/rio_cm_cdev.h
  HDRINST usr/include/linux/virtio_scmi.h
  HDRINST usr/include/linux/videodev2.h
  HDRINST usr/include/linux/atm.h
  HDRINST usr/include/linux/shm.h
  HDRINST usr/include/linux/magic.h
  HDRINST usr/include/linux/virtio_pcidev.h
  HDRINST usr/include/linux/zorro.h
  HDRINST usr/include/linux/i8k.h
  HDRINST usr/include/linux/if_arp.h
  HDRINST usr/include/linux/hash_info.h
  HDRINST usr/include/linux/erspan.h
  HDRINST usr/include/linux/sem.h
  HDRINST usr/include/linux/if_ppp.h
  HDRINST usr/include/linux/vt.h
  HDRINST usr/include/linux/if_bonding.h
  HDRINST usr/include/linux/cyclades.h
  HDRINST usr/include/linux/uuid.h
  HDRINST usr/include/linux/socket.h
  HDRINST usr/include/linux/dlm.h
  HDRINST usr/include/linux/mempolicy.h
  HDRINST usr/include/linux/uhid.h
  HDRINST usr/include/linux/netfilter_bridge.h
  HDRINST usr/include/linux/sched/types.h
  HDRINST usr/include/linux/i2o-dev.h
  HDRINST usr/include/linux/nbd-netlink.h
  HDRINST usr/include/linux/reiserfs_xattr.h
  HDRINST usr/include/linux/rseq.h
  HDRINST usr/include/linux/atmarp.h
  HDRINST usr/include/linux/tc_ematch/tc_em_ipt.h
  HDRINST usr/include/linux/tc_ematch/tc_em_cmp.h
  HDRINST usr/include/linux/tc_ematch/tc_em_text.h
  HDRINST usr/include/linux/tc_ematch/tc_em_nbyte.h
  HDRINST usr/include/linux/tc_ematch/tc_em_meta.h
  HDRINST usr/include/linux/if_packet.h
  HDRINST usr/include/linux/gsmmux.h
  HDRINST usr/include/linux/rds.h
  HDRINST usr/include/linux/auxvec.h
  HDRINST usr/include/linux/nl80211-vnd-intel.h
  HDRINST usr/include/linux/virtio_mmio.h
  HDRINST usr/include/linux/fadvise.h
  HDRINST usr/include/linux/nvme_ioctl.h
  HDRINST usr/include/linux/unistd.h
  HDRINST usr/include/linux/kcm.h
  HDRINST usr/include/linux/llc.h
  HDRINST usr/include/linux/efs_fs_sb.h
  HDRINST usr/include/linux/signal.h
  HDRINST usr/include/linux/virtio_crypto.h
  HDRINST usr/include/linux/libc-compat.h
  HDRINST usr/include/linux/devlink.h
  HDRINST usr/include/linux/soundcard.h
  CC      scripts/mod/empty.o
  HDRINST usr/include/linux/agpgart.h
  HDRINST usr/include/linux/const.h
  HOSTCC  scripts/mod/mk_elfconfig
  HDRINST usr/include/linux/target_core_user.h
  CC      scripts/mod/devicetable-offsets.s
  HDRINST usr/include/linux/usbip.h
  HDRINST usr/include/linux/isdn/capicmd.h
  HDRINST usr/include/linux/elf-em.h
  HDRINST usr/include/linux/sysctl.h
  HDRINST usr/include/linux/vm_sockets_diag.h
  HDRINST usr/include/linux/nfs.h
  HDRINST usr/include/linux/adfs_fs.h
  HDRINST usr/include/linux/phantom.h
  HDRINST usr/include/linux/cryptouser.h
  HDRINST usr/include/linux/ublk_cmd.h
  HDRINST usr/include/linux/module.h
  HDRINST usr/include/linux/vfio_ccw.h
  HDRINST usr/include/linux/pps.h
  HDRINST usr/include/linux/netrom.h
  HDRINST usr/include/linux/perf_event.h
  HDRINST usr/include/linux/if_bridge.h
  HDRINST usr/include/linux/x25.h
  HDRINST usr/include/linux/param.h
  HDRINST usr/include/linux/string.h
  HDRINST usr/include/linux/mroute.h
  HDRINST usr/include/linux/map_to_7segment.h
  HDRINST usr/include/linux/netconf.h
  HDRINST usr/include/linux/iommu.h
  HDRINST usr/include/linux/vduse.h
  HDRINST usr/include/linux/edd.h
  HDRINST usr/include/linux/arcfb.h
  HDRINST usr/include/linux/time_types.h
  HDRINST usr/include/linux/smiapp.h
  HDRINST usr/include/linux/ioam6.h
  HDRINST usr/include/linux/atm_zatm.h
  HDRINST usr/include/linux/vbox_vmmdev_types.h
  HDRINST usr/include/linux/btrfs.h
  HDRINST usr/include/linux/mctp.h
  HDRINST usr/include/linux/times.h
  HDRINST usr/include/linux/keyboard.h
  HDRINST usr/include/linux/nfs3.h
  HDRINST usr/include/linux/if_macsec.h
  HDRINST usr/include/linux/ivtv.h
  HDRINST usr/include/linux/stddef.h
  HDRINST usr/include/linux/comedi.h
  HDRINST usr/include/linux/netfilter_ipv4/ipt_ah.h
  HDRINST usr/include/linux/netfilter_ipv4/ipt_ecn.h
  HDRINST usr/include/linux/netfilter_ipv4/ipt_ttl.h
  HDRINST usr/include/linux/netfilter_ipv4/ipt_ECN.h
  HDRINST usr/include/linux/netfilter_ipv4/ipt_CLUSTERIP.h
  HDRINST usr/include/linux/netfilter_ipv4/ipt_REJECT.h
  HDRINST usr/include/linux/netfilter_ipv4/ipt_LOG.h
  HDRINST usr/include/linux/netfilter_ipv4/ip_tables.h
  HDRINST usr/include/linux/netfilter_ipv4/ipt_TTL.h
  HDRINST usr/include/linux/cn_proc.h
  HDRINST usr/include/linux/tipc_netlink.h
  HDRINST usr/include/linux/rtc.h
  HDRINST usr/include/linux/vfio.h
  HDRINST usr/include/linux/irqnr.h
  HDRINST usr/include/linux/if_link.h
  HDRINST usr/include/linux/sunrpc/debug.h
  HDRINST usr/include/linux/pr.h
  HDRINST usr/include/linux/pci_regs.h
  HDRINST usr/include/linux/ipmi_msgdefs.h
  HDRINST usr/include/linux/vdpa.h
  HDRINST usr/include/linux/igmp.h
  HDRINST usr/include/linux/input-event-codes.h
  HDRINST usr/include/linux/ptrace.h
  HDRINST usr/include/linux/coff.h
  HDRINST usr/include/linux/hidraw.h
  HDRINST usr/include/linux/tipc_config.h
  HDRINST usr/include/linux/romfs_fs.h
  HDRINST usr/include/linux/nubus.h
  HDRINST usr/include/linux/if_cablemodem.h
  HDRINST usr/include/linux/dma-heap.h
  HDRINST usr/include/linux/ccs.h
  HDRINST usr/include/linux/suspend_ioctls.h
  HDRINST usr/include/linux/sonypi.h
  HDRINST usr/include/linux/xattr.h
  HDRINST usr/include/linux/ioam6_iptunnel.h
  HDRINST usr/include/linux/ioctl.h
  HDRINST usr/include/linux/uleds.h
  HDRINST usr/include/linux/nitro_enclaves.h
  HDRINST usr/include/linux/gpio.h
  HDRINST usr/include/linux/incrementalfs.h
  HDRINST usr/include/linux/netfilter/xt_connmark.h
  HDRINST usr/include/linux/netfilter/xt_hashlimit.h
  HDRINST usr/include/linux/netfilter/nfnetlink_compat.h
  HDRINST usr/include/linux/netfilter/xt_NFQUEUE.h
  HDRINST usr/include/linux/netfilter/xt_nfacct.h
  HDRINST usr/include/linux/netfilter/xt_esp.h
  HDRINST usr/include/linux/netfilter/xt_rpfilter.h
  HDRINST usr/include/linux/netfilter/xt_helper.h
  HDRINST usr/include/linux/netfilter/xt_TCPOPTSTRIP.h
  HDRINST usr/include/linux/netfilter/nfnetlink_queue.h
  HDRINST usr/include/linux/netfilter/xt_mark.h
  HDRINST usr/include/linux/netfilter/xt_SYNPROXY.h
  HDRINST usr/include/linux/netfilter/xt_limit.h
  HDRINST usr/include/linux/netfilter/xt_AUDIT.h
  HDRINST usr/include/linux/netfilter/xt_l2tp.h
  HDRINST usr/include/linux/netfilter/xt_sctp.h
  HDRINST usr/include/linux/netfilter/xt_RATEEST.h
  HDRINST usr/include/linux/netfilter/xt_ecn.h
  HDRINST usr/include/linux/netfilter/xt_TEE.h
  HDRINST usr/include/linux/netfilter/nf_tables.h
  HDRINST usr/include/linux/netfilter/x_tables.h
  HDRINST usr/include/linux/netfilter/xt_TCPMSS.h
  HDRINST usr/include/linux/netfilter/xt_string.h
  HDRINST usr/include/linux/netfilter/xt_state.h
  HDRINST usr/include/linux/netfilter/nfnetlink_osf.h
  HDRINST usr/include/linux/netfilter/xt_iprange.h
  HDRINST usr/include/linux/netfilter/xt_u32.h
  HDRINST usr/include/linux/netfilter/xt_mac.h
  HDRINST usr/include/linux/netfilter/xt_recent.h
  HDRINST usr/include/linux/netfilter/ipset/ip_set_hash.h
  HDRINST usr/include/linux/netfilter/ipset/ip_set.h
  HDRINST usr/include/linux/netfilter/ipset/ip_set_bitmap.h
  HDRINST usr/include/linux/netfilter/ipset/ip_set_list.h
  HDRINST usr/include/linux/netfilter/xt_LED.h
  HDRINST usr/include/linux/netfilter/nf_conntrack_common.h
  HDRINST usr/include/linux/netfilter/nfnetlink_log.h
  HDRINST usr/include/linux/netfilter/xt_time.h
  HDRINST usr/include/linux/netfilter/nf_synproxy.h
  HDRINST usr/include/linux/netfilter/xt_realm.h
  HDRINST usr/include/linux/netfilter/xt_owner.h
  HDRINST usr/include/linux/netfilter/xt_comment.h
  HDRINST usr/include/linux/netfilter/xt_LOG.h
  HDRINST usr/include/linux/netfilter/nfnetlink.h
  HDRINST usr/include/linux/netfilter/xt_statistic.h
  HDRINST usr/include/linux/netfilter/nf_conntrack_ftp.h
  HDRINST usr/include/linux/netfilter/xt_IDLETIMER.h
  HDRINST usr/include/linux/netfilter/xt_socket.h
  HDRINST usr/include/linux/netfilter/nf_conntrack_tcp.h
  HDRINST usr/include/linux/netfilter/nf_nat.h
  HDRINST usr/include/linux/netfilter/xt_CONNMARK.h
  HDRINST usr/include/linux/netfilter/xt_cluster.h
  HDRINST usr/include/linux/netfilter/xt_conntrack.h
  HDRINST usr/include/linux/netfilter/xt_tcpudp.h
  HDRINST usr/include/linux/netfilter/nf_tables_compat.h
  HDRINST usr/include/linux/netfilter/xt_bpf.h
  HDRINST usr/include/linux/netfilter/nf_log.h
  HDRINST usr/include/linux/netfilter/xt_ipvs.h
  HDRINST usr/include/linux/netfilter/xt_CHECKSUM.h
  HDRINST usr/include/linux/netfilter/xt_CT.h
  HDRINST usr/include/linux/netfilter/xt_DSCP.h
  HDRINST usr/include/linux/netfilter/xt_connlimit.h
  HDRINST usr/include/linux/netfilter/xt_addrtype.h
  HDRINST usr/include/linux/netfilter/nf_conntrack_sctp.h
  HDRINST usr/include/linux/netfilter/xt_CLASSIFY.h
  HDRINST usr/include/linux/netfilter/xt_rateest.h
  HDRINST usr/include/linux/netfilter/xt_pkttype.h
  HDRINST usr/include/linux/netfilter/xt_cpu.h
  HDRINST usr/include/linux/netfilter/xt_multiport.h
  HDRINST usr/include/linux/netfilter/xt_HMARK.h
  HDRINST usr/include/linux/netfilter/xt_quota.h
  HDRINST usr/include/linux/netfilter/nfnetlink_hook.h
  HDRINST usr/include/linux/netfilter/xt_cgroup.h
  HDRINST usr/include/linux/netfilter/nf_conntrack_tuple_common.h
  HDRINST usr/include/linux/netfilter/xt_set.h
  HDRINST usr/include/linux/netfilter/nfnetlink_acct.h
  HDRINST usr/include/linux/netfilter/xt_dccp.h
  HDRINST usr/include/linux/netfilter/xt_ipcomp.h
  HDRINST usr/include/linux/netfilter/nfnetlink_conntrack.h
  HDRINST usr/include/linux/netfilter/xt_osf.h
  HDRINST usr/include/linux/netfilter/xt_TPROXY.h
  HDRINST usr/include/linux/netfilter/nfnetlink_cthelper.h
  HDRINST usr/include/linux/netfilter/xt_dscp.h
  HDRINST usr/include/linux/netfilter/xt_devgroup.h
  HDRINST usr/include/linux/netfilter/xt_connbytes.h
  HDRINST usr/include/linux/netfilter/xt_physdev.h
  HDRINST usr/include/linux/netfilter/xt_MARK.h
  HDRINST usr/include/linux/netfilter/xt_SECMARK.h
  HDRINST usr/include/linux/netfilter/xt_NFLOG.h
  HDRINST usr/include/linux/netfilter/nfnetlink_cttimeout.h
  HDRINST usr/include/linux/netfilter/xt_CONNSECMARK.h
  HDRINST usr/include/linux/netfilter/xt_connlabel.h
  HDRINST usr/include/linux/netfilter/xt_length.h
  HDRINST usr/include/linux/netfilter/xt_policy.h
  HDRINST usr/include/linux/netfilter/xt_tcpmss.h
  HDRINST usr/include/linux/rtnetlink.h
  HDRINST usr/include/linux/vsockmon.h
  HDRINST usr/include/linux/chio.h
  HDRINST usr/include/linux/watch_queue.h
  HDRINST usr/include/linux/pcitest.h
  HDRINST usr/include/linux/securebits.h
  HDRINST usr/include/linux/coresight-stm.h
  HDRINST usr/include/linux/cachefiles.h
  HDRINST usr/include/linux/virtio_rng.h
  HDRINST usr/include/linux/atmsap.h
  HDRINST usr/include/linux/if.h
  HDRINST usr/include/linux/vhost.h
  HDRINST usr/include/linux/nexthop.h
  HDRINST usr/include/linux/quota.h
  HDRINST usr/include/linux/swab.h
  HDRINST usr/include/linux/seg6_genl.h
  HDRINST usr/include/linux/seg6_local.h
  HDRINST usr/include/linux/affs_hardblocks.h
  HDRINST usr/include/linux/netlink.h
  HDRINST usr/include/linux/snmp.h
  HDRINST usr/include/linux/fou.h
  HDRINST usr/include/linux/udf_fs_i.h
  HDRINST usr/include/linux/ipv6.h
  HDRINST usr/include/linux/sock_diag.h
  HDRINST usr/include/linux/if_ether.h
  HDRINST usr/include/linux/if_tun.h
  HDRINST usr/include/linux/serial.h
  HDRINST usr/include/linux/btf.h
  HDRINST usr/include/linux/sysinfo.h
  HDRINST usr/include/linux/net.h
  HDRINST usr/include/linux/ppp_defs.h
  HDRINST usr/include/linux/watchdog.h
  HDRINST usr/include/linux/vboxguest.h
  HDRINST usr/include/linux/if_phonet.h
  HDRINST usr/include/linux/atm_he.h
  HDRINST usr/include/linux/nfsd/debug.h
  HDRINST usr/include/linux/nfsd/stats.h
  HDRINST usr/include/linux/nfsd/cld.h
  HDRINST usr/include/linux/nfsd/export.h
  HDRINST usr/include/linux/if_xdp.h
  HDRINST usr/include/linux/bpf_common.h
  HDRINST usr/include/linux/rpl.h
  HDRINST usr/include/linux/dm-ioctl.h
  HDRINST usr/include/linux/route.h
  HDRINST usr/include/linux/hiddev.h
  HDRINST usr/include/linux/connector.h
  HDRINST usr/include/linux/cec-funcs.h
  HDRINST usr/include/linux/hid.h
  HDRINST usr/include/linux/virtio_mem.h
  HDRINST usr/include/linux/l2tp.h
  HDRINST usr/include/linux/msg.h
  HDRINST usr/include/linux/netfilter_ipv6.h
  HDRINST usr/include/linux/elf-fdpic.h
  HDRINST usr/include/linux/idxd.h
  HDRINST usr/include/linux/auto_fs4.h
  HDRINST usr/include/linux/dvb/dmx.h
  HDRINST usr/include/linux/dvb/ca.h
  HDRINST usr/include/linux/dvb/net.h
  HDRINST usr/include/linux/dvb/video.h
  HDRINST usr/include/linux/dvb/osd.h
  HDRINST usr/include/linux/dvb/version.h
  HDRINST usr/include/linux/dvb/frontend.h
  HDRINST usr/include/linux/dvb/audio.h
  HDRINST usr/include/linux/max2175.h
  HDRINST usr/include/linux/atmlec.h
  HDRINST usr/include/linux/pmu.h
  HDRINST usr/include/linux/icmpv6.h
  HDRINST usr/include/linux/tty.h
  HDRINST usr/include/linux/raid/md_u.h
  HDRINST usr/include/linux/neighbour.h
  HDRINST usr/include/linux/raid/md_p.h
  HDRINST usr/include/linux/random.h
  HDRINST usr/include/linux/fdreg.h
  HDRINST usr/include/linux/netfilter_arp/arpt_mangle.h
  HDRINST usr/include/linux/netfilter_arp/arp_tables.h
  HDRINST usr/include/linux/stat.h
  HDRINST usr/include/linux/lirc.h
  HDRINST usr/include/linux/map_to_14segment.h
  HDRINST usr/include/linux/if_plip.h
  HDRINST usr/include/linux/virtio_blk.h
  HDRINST usr/include/linux/sed-opal.h
  HDRINST usr/include/linux/mpls.h
  HDRINST usr/include/linux/if_pppox.h
  HDRINST usr/include/linux/ioam6_genl.h
  HDRINST usr/include/linux/prctl.h
  HDRINST usr/include/linux/xdp_diag.h
  HDRINST usr/include/linux/bpf_perf_event.h
  HDRINST usr/include/linux/hdlc/ioctl.h
  HDRINST usr/include/linux/un.h
  HDRINST usr/include/linux/nfs_idmap.h
  HDRINST usr/include/linux/rio_mport_cdev.h
  HDRINST usr/include/linux/if_ltalk.h
  HDRINST usr/include/linux/aspeed-p2a-ctrl.h
  HDRINST usr/include/linux/acct.h
  HDRINST usr/include/linux/mtio.h
  HDRINST usr/include/linux/mount.h
  HDRINST usr/include/linux/phonet.h
  HDRINST usr/include/linux/virtio_vsock.h
  HDRINST usr/include/linux/netfilter_bridge/ebt_limit.h
  HDRINST usr/include/linux/netfilter_bridge/ebt_nat.h
  HDRINST usr/include/linux/netfilter_bridge/ebt_nflog.h
  HDRINST usr/include/linux/netfilter_bridge/ebt_log.h
  HDRINST usr/include/linux/netfilter_bridge/ebt_arpreply.h
  HDRINST usr/include/linux/netfilter_bridge/ebt_802_3.h
  HDRINST usr/include/linux/netfilter_bridge/ebt_ip.h
  HDRINST usr/include/linux/netfilter_bridge/ebtables.h
  HDRINST usr/include/linux/netfilter_bridge/ebt_arp.h
  HDRINST usr/include/linux/netfilter_bridge/ebt_mark_t.h
  HDRINST usr/include/linux/netfilter_bridge/ebt_ip6.h
  HDRINST usr/include/linux/netfilter_bridge/ebt_stp.h
  HDRINST usr/include/linux/netfilter_bridge/ebt_pkttype.h
  HDRINST usr/include/linux/inotify.h
  HDRINST usr/include/linux/posix_acl.h
  HDRINST usr/include/linux/pfkeyv2.h
  HDRINST usr/include/linux/bcm933xx_hcs.h
  HDRINST usr/include/linux/hw_breakpoint.h
  HDRINST usr/include/linux/qnxtypes.h
  HDRINST usr/include/linux/audit.h
  HDRINST usr/include/linux/omap3isp.h
  HDRINST usr/include/linux/kcov.h
  HDRINST usr/include/linux/msdos_fs.h
  HDRINST usr/include/linux/bpf.h
  HDRINST usr/include/linux/kd.h
  HDRINST usr/include/linux/lwtunnel.h
  HDRINST usr/include/linux/mii.h
  HDRINST usr/include/linux/nfs_mount.h
  HDRINST usr/include/linux/kfd_sysfs.h
  HDRINST usr/include/linux/xfrm.h
  HDRINST usr/include/linux/io_uring.h
  HDRINST usr/include/linux/fs.h
  HDRINST usr/include/linux/qemu_fw_cfg.h
  HDRINST usr/include/linux/membarrier.h
  HDRINST usr/include/linux/ptp_clock.h
  HDRINST usr/include/linux/f2fs.h
  HDRINST usr/include/linux/kvm.h
  HDRINST usr/include/linux/pfrut.h
  HDRINST usr/include/linux/um_timetravel.h
  HDRINST usr/include/linux/gunyah.h
  HDRINST usr/include/linux/stm.h
  HDRINST usr/include/linux/openat2.h
  HDRINST usr/include/linux/iio/buffer.h
  HDRINST usr/include/linux/iio/events.h
  HDRINST usr/include/linux/sonet.h
  HDRINST usr/include/linux/userfaultfd.h
  HDRINST usr/include/linux/utime.h
  HDRINST usr/include/linux/fsmap.h
  HDRINST usr/include/linux/virtio_fs.h
  HDRINST usr/include/linux/thermal.h
  HDRINST usr/include/linux/cfm_bridge.h
  UPD     scripts/mod/devicetable-offsets.h
  HDRINST usr/include/linux/reiserfs_fs.h
  HDRINST usr/include/linux/veth.h
  HDRINST usr/include/linux/futex.h
  HDRINST usr/include/linux/seg6_iptunnel.h
  HDRINST usr/include/linux/ip.h
  HDRINST usr/include/linux/pidfd.h
  HDRINST usr/include/linux/posix_acl_xattr.h
  HDRINST usr/include/linux/atmppp.h
  HDRINST usr/include/linux/fib_rules.h
  HDRINST usr/include/linux/seg6.h
  HDRINST usr/include/linux/cm4000_cs.h
  HDRINST usr/include/linux/nfs4_mount.h
  HDRINST usr/include/linux/switchtec_ioctl.h
  HDRINST usr/include/linux/auto_fs.h
  HDRINST usr/include/linux/kernel-page-flags.h
  HDRINST usr/include/linux/gen_stats.h
  HDRINST usr/include/linux/isst_if.h
  HDRINST usr/include/linux/wireless.h
  HDRINST usr/include/linux/virtio_9p.h
  HDRINST usr/include/linux/seg6_hmac.h
  HDRINST usr/include/linux/patchkey.h
  HDRINST usr/include/linux/atalk.h
  HDRINST usr/include/linux/ife.h
  HDRINST usr/include/linux/i2c.h
  HDRINST usr/include/linux/pci.h
  HDRINST usr/include/linux/atm_nicstar.h
  HDRINST usr/include/linux/remoteproc_cdev.h
  HDRINST usr/include/linux/ndctl.h
  HDRINST usr/include/linux/time.h
  HDRINST usr/include/linux/virtio_config.h
  HDRINST usr/include/linux/hdreg.h
  HDRINST usr/include/linux/genetlink.h
  HDRINST usr/include/linux/acrn.h
  HDRINST usr/include/linux/virtio_i2c.h
  HDRINST usr/include/linux/fanotify.h
  HDRINST usr/include/linux/ncsi.h
  HDRINST usr/include/linux/udmabuf.h
  HDRINST usr/include/linux/spi/spidev.h
  HDRINST usr/include/linux/spi/spi.h
  HDRINST usr/include/linux/fsl_hypervisor.h
  HDRINST usr/include/linux/if_vlan.h
  HDRINST usr/include/linux/nfsacl.h
  HDRINST usr/include/linux/atmbr2684.h
  HDRINST usr/include/linux/rpl_iptunnel.h
  HDRINST usr/include/linux/ioprio.h
  HDRINST usr/include/linux/resource.h
  HDRINST usr/include/linux/kexec.h
  HDRINST usr/include/linux/dlm_plock.h
  HDRINST usr/include/linux/bsg.h
  HDRINST usr/include/linux/uvcvideo.h
  HDRINST usr/include/linux/joystick.h
  HDRINST usr/include/linux/tty_flags.h
  HDRINST usr/include/linux/oom.h
  HDRINST usr/include/linux/aio_abi.h
  HDRINST usr/include/linux/netfilter_arp.h
  HDRINST usr/include/linux/close_range.h
  HDRINST usr/include/linux/caif/if_caif.h
  HDRINST usr/include/linux/caif/caif_socket.h
  HDRINST usr/include/linux/limits.h
  HDRINST usr/include/linux/cuda.h
  HDRINST usr/include/linux/cdrom.h
  HDRINST usr/include/linux/adb.h
  HDRINST usr/include/linux/cifs/cifs_netlink.h
  HDRINST usr/include/linux/cifs/cifs_mount.h
  HDRINST usr/include/linux/tipc.h
  HDRINST usr/include/linux/rkisp1-config.h
  HDRINST usr/include/linux/sockios.h
  HDRINST usr/include/linux/vtpm_proxy.h
  HDRINST usr/include/linux/cramfs_fs.h
  HDRINST usr/include/linux/mroute6.h
  HDRINST usr/include/linux/hdlc.h
  HDRINST usr/include/linux/dqblk_xfs.h
  HDRINST usr/include/linux/atmmpc.h
  HDRINST usr/include/linux/tcp_metrics.h
  HDRINST usr/include/linux/android/binder.h
  HDRINST usr/include/linux/android/binderfs.h
  HDRINST usr/include/linux/ethtool_netlink.h
  HDRINST usr/include/linux/virtio_gpio.h
  HDRINST usr/include/linux/lp.h
  HDRINST usr/include/linux/if_addr.h
  HDRINST usr/include/linux/virtio_bt.h
  HDRINST usr/include/linux/xilinx-v4l2-controls.h
  HDRINST usr/include/linux/openvswitch.h
  HDRINST usr/include/linux/dma-buf.h
  HDRINST usr/include/linux/termios.h
  HDRINST usr/include/linux/btrfs_tree.h
  HDRINST usr/include/linux/errno.h
  HDRINST usr/include/linux/sync_file.h
  HDRINST usr/include/linux/jffs2.h
  HDRINST usr/include/linux/reboot.h
  HDRINST usr/include/linux/wwan.h
  HDRINST usr/include/linux/gtp.h
  HDRINST usr/include/linux/dm-user.h
  HDRINST usr/include/linux/meye.h
  HDRINST usr/include/linux/nilfs2_api.h
  HDRINST usr/include/linux/atmioc.h
  HDRINST usr/include/linux/vm_sockets.h
  HDRINST usr/include/linux/cec.h
  HDRINST usr/include/linux/ipmi_bmc.h
  HDRINST usr/include/linux/gfs2_ondisk.h
  HDRINST usr/include/linux/byteorder/big_endian.h
  HDRINST usr/include/linux/byteorder/little_endian.h
  HDRINST usr/include/linux/firewire-cdev.h
  HDRINST usr/include/linux/virtio_balloon.h
  HDRINST usr/include/linux/in6.h
  HDRINST usr/include/linux/rpmsg_types.h
  HDRINST usr/include/linux/major.h
  HDRINST usr/include/linux/misc/bcm_vk.h
  HDRINST usr/include/linux/psci.h
  HDRINST usr/include/linux/if_hippi.h
  HDRINST usr/include/linux/minix_fs.h
  HDRINST usr/include/linux/hpet.h
  HDRINST usr/include/linux/blkpg.h
  HDRINST usr/include/linux/virtio_gpu.h
  HDRINST usr/include/linux/userio.h
  HDRINST usr/include/linux/atmclip.h
  HDRINST usr/include/linux/atmdev.h
  HDRINST usr/include/linux/sound.h
  HDRINST usr/include/linux/gzvm.h
  HDRINST usr/include/linux/ipmi.h
  HDRINST usr/include/linux/serial_reg.h
  HDRINST usr/include/linux/poll.h
  HDRINST usr/include/linux/virtio_net.h
  HDRINST usr/include/linux/virtio_console.h
  HDRINST usr/include/linux/sctp.h
  HDRINST usr/include/linux/atm_eni.h
  HDRINST usr/include/linux/omapfb.h
  HDRINST usr/include/linux/fscrypt.h
  HDRINST usr/include/linux/fcntl.h
  HDRINST usr/include/linux/ipsec.h
  HDRINST usr/include/linux/counter.h
  HDRINST usr/include/linux/pkt_cls.h
  HDRINST usr/include/linux/ila.h
  HDRINST usr/include/linux/fsi.h
  HDRINST usr/include/linux/v4l2-subdev.h
  HDRINST usr/include/linux/virtio_ids.h
  HDRINST usr/include/linux/pkt_sched.h
  HDRINST usr/include/linux/if_alg.h
  HDRINST usr/include/linux/nsfs.h
  HDRINST usr/include/linux/surface_aggregator/dtx.h
  HDRINST usr/include/linux/surface_aggregator/cdev.h
  HDRINST usr/include/linux/kernelcapi.h
  HDRINST usr/include/linux/if_pppol2tp.h
  HDRINST usr/include/linux/auto_dev-ioctl.h
  HDRINST usr/include/linux/filter.h
  HDRINST usr/include/linux/wait.h
  HDRINST usr/include/linux/atm_idt77105.h
  HDRINST usr/include/linux/ivtvfb.h
  HDRINST usr/include/linux/cgroupstats.h
  HDRINST usr/include/linux/rxrpc.h
  HDRINST usr/include/linux/screen_info.h
  HDRINST usr/include/linux/capi.h
  HDRINST usr/include/linux/sched.h
  HDRINST usr/include/linux/net_tstamp.h
  HDRINST usr/include/linux/rfkill.h
  HDRINST usr/include/linux/fpga-dfl.h
  HDRINST usr/include/linux/nbd.h
  HDRINST usr/include/linux/ax25.h
  HDRINST usr/include/linux/hsi/cs-protocol.h
  HDRINST usr/include/linux/hsi/hsi_char.h
  HDRINST usr/include/linux/media.h
  HDRINST usr/include/linux/bpqether.h
  HDRINST usr/include/linux/cciss_ioctl.h
  HDRINST usr/include/linux/matroxfb.h
  HDRINST usr/include/linux/qnx4_fs.h
  HDRINST usr/include/linux/i2c-dev.h
  HDRINST usr/include/linux/firewire-constants.h
  HDRINST usr/include/linux/bpfilter.h
  HDRINST usr/include/linux/if_x25.h
  HDRINST usr/include/linux/mqueue.h
  HDRINST usr/include/linux/smc.h
  HDRINST usr/include/linux/cycx_cfm.h
  HDRINST usr/include/linux/kernel.h
  HDRINST usr/include/linux/aspeed-lpc-ctrl.h
  HDRINST usr/include/linux/serial_core.h
  HDRINST usr/include/linux/wmi.h
  HDRINST usr/include/linux/falloc.h
  HDRINST usr/include/linux/hdlcdrv.h
  HDRINST usr/include/linux/mpls_iptunnel.h
  HDRINST usr/include/linux/tls.h
  HDRINST usr/include/linux/keyctl.h
  HDRINST usr/include/linux/nvram.h
  HDRINST usr/include/linux/rpmsg.h
  HDRINST usr/include/linux/nfs_fs.h
  HDRINST usr/include/linux/usb/functionfs.h
  HDRINST usr/include/linux/usb/charger.h
  HDRINST usr/include/linux/usb/f_accessory.h
  HDRINST usr/include/linux/usb/gadgetfs.h
  HDRINST usr/include/linux/usb/tmc.h
  HDRINST usr/include/linux/usb/raw_gadget.h
  HDRINST usr/include/linux/usb/g_printer.h
  HDRINST usr/include/linux/usb/ch9.h
  HDRINST usr/include/linux/usb/g_uvc.h
  HDRINST usr/include/linux/usb/ch11.h
  HDRINST usr/include/linux/usb/cdc-wdm.h
  HDRINST usr/include/linux/usb/video.h
  HDRINST usr/include/linux/usb/cdc.h
  HDRINST usr/include/linux/usb/midi.h
  HDRINST usr/include/linux/usb/audio.h
  HDRINST usr/include/linux/inet_diag.h
  HDRINST usr/include/linux/fsl_mc.h
  HDRINST usr/include/linux/pg.h
  HDRINST usr/include/linux/dccp.h
  HDRINST usr/include/linux/dlm_device.h
  HDRINST usr/include/linux/rose.h
  HDRINST usr/include/linux/if_fc.h
  HDRINST usr/include/linux/media-bus-format.h
  HDRINST usr/include/linux/bt-bmc.h
  HDRINST usr/include/linux/binfmts.h
  HDRINST usr/include/linux/errqueue.h
  HDRINST usr/include/linux/tcp.h
  HDRINST usr/include/linux/types.h
  HDRINST usr/include/linux/vmcore.h
  HDRINST usr/include/linux/virtio_types.h
  HDRINST usr/include/linux/fb.h
  HDRINST usr/include/misc/cxl.h
  HDRINST usr/include/misc/uacce/hisi_qm.h
  HDRINST usr/include/misc/uacce/uacce.h
  HDRINST usr/include/misc/pvpanic.h
  HDRINST usr/include/misc/fastrpc.h
  HDRINST usr/include/misc/xilinx_sdfec.h
  HDRINST usr/include/misc/habanalabs.h
  HDRINST usr/include/misc/ocxl.h
  HDRINST usr/include/mtd/mtd-abi.h
  HDRINST usr/include/mtd/ubi-user.h
  HDRINST usr/include/mtd/inftl-user.h
  HDRINST usr/include/mtd/nftl-user.h
  HDRINST usr/include/mtd/mtd-user.h
  HDRINST usr/include/rdma/mlx5_user_ioctl_cmds.h
  HDRINST usr/include/rdma/ocrdma-abi.h
  HDRINST usr/include/rdma/ib_user_ioctl_verbs.h
  HDRINST usr/include/rdma/cxgb4-abi.h
  HDRINST usr/include/rdma/mlx4-abi.h
  HDRINST usr/include/rdma/erdma-abi.h
  HDRINST usr/include/rdma/rdma_user_rxe.h
  HDRINST usr/include/rdma/ib_user_mad.h
  HDRINST usr/include/rdma/rdma_user_ioctl_cmds.h
  HDRINST usr/include/rdma/mlx5_user_ioctl_verbs.h
  HDRINST usr/include/rdma/vmw_pvrdma-abi.h
  HDRINST usr/include/rdma/rdma_netlink.h
  HDRINST usr/include/rdma/bnxt_re-abi.h
  HDRINST usr/include/rdma/hns-abi.h
  HDRINST usr/include/rdma/rdma_user_cm.h
  HDRINST usr/include/rdma/ib_user_sa.h
  HDRINST usr/include/rdma/efa-abi.h
  HDRINST usr/include/rdma/ib_user_ioctl_cmds.h
  HDRINST usr/include/rdma/mlx5-abi.h
  HDRINST usr/include/rdma/rvt-abi.h
  HDRINST usr/include/rdma/siw-abi.h
  HDRINST usr/include/rdma/irdma-abi.h
  HDRINST usr/include/rdma/rdma_user_ioctl.h
  HDRINST usr/include/rdma/ib_user_verbs.h
  HDRINST usr/include/rdma/mthca-abi.h
  HDRINST usr/include/rdma/hfi/hfi1_ioctl.h
  HDRINST usr/include/rdma/hfi/hfi1_user.h
  HDRINST usr/include/rdma/qedr-abi.h
  HDRINST usr/include/scsi/scsi_netlink.h
  MKELF   scripts/mod/elfconfig.h
  HDRINST usr/include/scsi/scsi_bsg_mpi3mr.h
  HDRINST usr/include/scsi/scsi_netlink_fc.h
  HOSTCC  scripts/mod/modpost.o
  HDRINST usr/include/scsi/fc/fc_gs.h
  HDRINST usr/include/scsi/fc/fc_fs.h
  HOSTCC  scripts/mod/file2alias.o
  HDRINST usr/include/scsi/fc/fc_els.h
  HOSTCC  scripts/mod/sumversion.o
  HDRINST usr/include/scsi/fc/fc_ns.h
  HDRINST usr/include/scsi/scsi_bsg_fc.h
  HDRINST usr/include/scsi/scsi_bsg_ufs.h
  HDRINST usr/include/scsi/cxlflash_ioctl.h
  HDRINST usr/include/sound/snd_sst_tokens.h
  HDRINST usr/include/sound/asoc.h
  HDRINST usr/include/sound/hdsp.h
  HDRINST usr/include/sound/emu10k1.h
  HDRINST usr/include/sound/usb_stream.h
  HDRINST usr/include/sound/hdspm.h
  HOSTLD  scripts/mod/modpost
  HDRINST usr/include/sound/snd_ar_tokens.h
  HDRINST usr/include/sound/sof/fw.h
  HDRINST usr/include/sound/sof/abi.h
  HDRINST usr/include/sound/sof/tokens.h
  HDRINST usr/include/sound/sof/header.h
  HDRINST usr/include/sound/compress_offload.h
  HDRINST usr/include/sound/firewire.h
  HDRINST usr/include/sound/sfnt_info.h
  HDRINST usr/include/sound/tlv.h
  HDRINST usr/include/sound/compress_params.h
  HDRINST usr/include/sound/asequencer.h
  HDRINST usr/include/sound/intel/avs/tokens.h
  HDRINST usr/include/sound/asound.h
  HDRINST usr/include/sound/skl-tplg-interface.h
  HDRINST usr/include/sound/asound_fm.h
  HDRINST usr/include/sound/sb16_csp.h
  HDRINST usr/include/video/sisfb.h
  HDRINST usr/include/video/edid.h
  HDRINST usr/include/video/uvesafb.h
  HDRINST usr/include/xen/gntalloc.h
  HDRINST usr/include/xen/privcmd.h
  HDRINST usr/include/xen/gntdev.h
  HDRINST usr/include/xen/evtchn.h
  HDRINST usr/include/linux/version.h
  CC      kernel/bounds.s
  CHKSHA1 ../include/linux/atomic/atomic-arch-fallback.h
  CHKSHA1 ../include/linux/atomic/atomic-instrumented.h
  CHKSHA1 ../include/linux/atomic/atomic-long.h
  UPD     include/generated/timeconst.h
  HDRINST usr/include/linux/selinux_netlink.h
  HDRINST usr/include/linux/sev-guest.h
  HDRINST usr/include/linux/mei.h
  HDRINST usr/include/linux/virtio_input.h
  HDRINST usr/include/linux/net_namespace.h
  HDRINST usr/include/linux/uio.h
  HDRINST usr/include/linux/dw100.h
  HDRINST usr/include/linux/virtio_ring.h
  HDRINST usr/include/linux/fd.h
  HDRINST usr/include/linux/taskstats.h
  HDRINST usr/include/linux/netfilter_bridge/ebt_among.h
  HDRINST usr/include/linux/netfilter_bridge/ebt_mark_m.h
  HDRINST usr/include/linux/netfilter_bridge/ebt_vlan.h
  HDRINST usr/include/linux/netfilter_bridge/ebt_redirect.h
  HDRINST usr/include/linux/net_dropmon.h
  HDRINST usr/include/linux/iso_fs.h
  HDRINST usr/include/linux/v4l2-mediabus.h
  HDRINST usr/include/linux/mmc/ioctl.h
  HDRINST usr/include/linux/iio/types.h
  HDRINST usr/include/asm/posix_types.h
  HDRINST usr/include/asm/mman.h
  HDRINST usr/include/asm/auxvec.h
  HDRINST usr/include/asm/unistd.h
  HDRINST usr/include/asm/setup.h
  HDRINST usr/include/asm/signal.h
  HDRINST usr/include/asm/param.h
  HDRINST usr/include/asm/sve_context.h
  HDRINST usr/include/asm/ptrace.h
  HDRINST usr/include/asm/hwcap.h
  HDRINST usr/include/asm/bpf_perf_event.h
  HDRINST usr/include/asm/kvm.h
  HDRINST usr/include/asm/sigcontext.h
  HDRINST usr/include/asm/perf_regs.h
  HDRINST usr/include/asm/byteorder.h
  HDRINST usr/include/asm/statfs.h
  HDRINST usr/include/asm/fcntl.h
  HDRINST usr/include/asm/ucontext.h
  HDRINST usr/include/asm/bitsperlong.h
  HDRINST usr/include/asm/ipcbuf.h
  HDRINST usr/include/asm/msgbuf.h
  HDRINST usr/include/asm/kvm_para.h
  HDRINST usr/include/asm/siginfo.h
  HDRINST usr/include/asm/socket.h
  HDRINST usr/include/asm/shmbuf.h
  HDRINST usr/include/asm/ioctl.h
  HDRINST usr/include/asm/swab.h
  HDRINST usr/include/asm/stat.h
  HDRINST usr/include/asm/sembuf.h
  HDRINST usr/include/asm/ioctls.h
  HDRINST usr/include/asm/resource.h
  HDRINST usr/include/asm/sockios.h
  HDRINST usr/include/asm/termios.h
  HDRINST usr/include/asm/errno.h
  HDRINST usr/include/asm/poll.h
  HDRINST usr/include/asm/termbits.h
  HDRINST usr/include/asm/types.h
  UPD     include/generated/bounds.h
  CC      arch/arm64/kernel/asm-offsets.s
  UPD     include/generated/asm-offsets.h
  CALL    ../scripts/checksyscalls.sh
  LDS     arch/arm64/kernel/vdso/vdso.lds
  CC      arch/arm64/kernel/vdso/vgettimeofday.o
  AS      arch/arm64/kernel/vdso/note.o
  AS      arch/arm64/kernel/vdso/sigreturn.o
  LD      arch/arm64/kernel/vdso/vdso.so.dbg
  VDSOSYM include/generated/vdso-offsets.h
  OBJCOPY arch/arm64/kernel/vdso/vdso.so
  LDS     arch/arm64/kernel/vdso32/vdso.lds
  CC32    arch/arm64/kernel/vdso32/note.o
  CC32    arch/arm64/kernel/vdso32/vgettimeofday.o
  HOSTCC  arch/arm64/kernel/vdso32/../../../arm/vdso/vdsomunge
  LD32    arch/arm64/kernel/vdso32/vdso.so.raw
  MUNGE   arch/arm64/kernel/vdso32/vdso.so.dbg
  VDSOSYM include/generated/vdso32-offsets.h
  OBJCOPY arch/arm64/kernel/vdso32/vdso.so
  LDS     scripts/module.lds
  CC      init/main.o
  HOSTCC  usr/gen_init_cpio
  AR      ipc/built-in.a
  CC      init/do_mounts.o
  CC      certs/system_keyring.o
  CC      init/do_mounts_rd.o
  UPD     init/utsversion-tmp.h
  CC      io_uring/io_uring.o
  AS      arch/arm64/lib/clear_page.o
  CC      init/do_mounts_initrd.o
  AS      arch/arm64/lib/clear_user.o
  CC      security/commoncap.o
  CC      io_uring/xattr.o
  CC      init/initramfs.o
  CC      block/bdev.o
  AS      arch/arm64/lib/copy_from_user.o
  CC      arch/arm64/net/bpf_jit_comp.o
  CC      mm/filemap.o
  CC      io_uring/nop.o
  AS      arch/arm64/lib/copy_page.o
  CC      init/calibrate.o
  CC      block/fops.o
  CC      arch/arm64/mm/dma-mapping.o
  CC      security/min_addr.o
  CC      mm/mempool.o
  AS      arch/arm64/lib/copy_to_user.o
  CC      arch/arm64/gunyah/gunyah_hypercall.o
  CC      arch/arm64/mm/extable.o
  CC      security/security.o
  CC      block/bio.o
  CC      io_uring/splice.o
  CC      block/elevator.o
  CC      arch/arm64/mm/fault.o
  CC      init/init_task.o
  CC      io_uring/fs.o
  GEN     security/selinux/flask.h security/selinux/av_permissions.h
  CC      arch/arm64/lib/csum.o
  CC      security/keys/gc.o
  CC      arch/arm64/mm/init.o
  CC      arch/arm64/crypto/sha2-ce-glue.o
  CC      block/blk-core.o
  CC      arch/arm64/kvm/hyp-constants.s
  CC      mm/oom_kill.o
  CC      block/partitions/core.o
  CC      fs/crypto/crypto.o
  AS      arch/arm64/mm/cache.o
  CC      sound/core/sound.o
  CC      fs/verity/enable.o
  AS      arch/arm64/crypto/sha2-ce-core.o
  CC      arch/arm64/lib/delay.o
  CC      security/integrity/iint.o
  CC      net/llc/llc_core.o
  CC      security/keys/key.o
  CC      block/partitions/msdos.o
  CC      block/blk-sysfs.o
  CC      security/selinux/avc.o
  CC      fs/iomap/trace.o
  CC      sound/core/init.o
  AR      sound/ppc/built-in.a
  CC      mm/damon/core.o
  AR      sound/pci/ali5451/built-in.a
  CC      security/inode.o
  CC      mm/kfence/core.o
  CC      lib/math/div64.o
  CC [M]  arch/arm64/geniezone/../../../drivers/virt/geniezone/gzvm_main.o
  CC      io_uring/sync.o
  CC      net/bpf/test_run.o
  CC      net/netlink/af_netlink.o
  AR      fs/notify/dnotify/built-in.a
  CC      fs/devpts/inode.o
  CC      drivers/irqchip/irqchip.o
  AR      sound/i2c/other/built-in.a
  CC      fs/kernfs/mount.o
  CC      net/core/sock.o
  AR      sound/sh/built-in.a
  CC      virt/lib/irqbypass.o
  CC      net/ethernet/eth.o
  CC      fs/configfs/inode.o
  CC      lib/kunit/test.o
  CC      net/ethtool/ioctl.o
  AR      sound/pci/ac97/built-in.a
  AR      sound/arm/built-in.a
  CC      fs/quota/dquot.o
  CC      fs/sysfs/file.o
  CC      fs/ext4/balloc.o
  AR      sound/synth/built-in.a
  CC      net/sched/sch_generic.o
  AR      sound/isa/ad1816a/built-in.a
  AR      sound/drivers/opl3/built-in.a
  CC      net/802/p8022.o
  CC      lib/kunit/resource.o
  CC      net/core/request_sock.o
  CC      arch/arm64/kvm/hyp/vhe/timer-sr.o
  CC      fs/ext4/bitmap.o
  CC      fs/ext4/block_validity.o
  AR      sound/i2c/built-in.a
  CC      fs/ext4/dir.o
  CC      fs/ext4/ext4_jbd2.o
  AR      sound/usb/misc/built-in.a
  AR      sound/drivers/opl4/built-in.a
  CC      fs/notify/inotify/inotify_fsnotify.o
  AR      sound/isa/ad1848/built-in.a
  AR      sound/pci/au88x0/built-in.a
  AR      sound/pci/asihpi/built-in.a
  AR      sound/isa/cs423x/built-in.a
  AR      sound/pci/aw2/built-in.a
  AR      sound/isa/es1688/built-in.a
  AR      sound/isa/galaxy/built-in.a
  AR      sound/isa/gus/built-in.a
  AR      sound/usb/usx2y/built-in.a
  AR      sound/drivers/mpu401/built-in.a
  CC      security/keys/keyring.o
  CC      net/netlink/genetlink.o
  CC      security/keys/keyctl.o
  AR      sound/pci/ctxfi/built-in.a
  CC      net/core/skbuff.o
  GEN     usr/initramfs_data.cpio
  AR      sound/isa/msnd/built-in.a
  AR      sound/drivers/vx/built-in.a
  AR      sound/pci/ca0106/built-in.a
  AR      sound/usb/caiaq/built-in.a
  CC      mm/kasan/common.o
  CC      kernel/sched/core.o
  AR      sound/pci/cs46xx/built-in.a
  AR      sound/drivers/pcsp/built-in.a
  AR      sound/usb/6fire/built-in.a
  CC      crypto/asymmetric_keys/asymmetric_type.o
  COPY    usr/initramfs_inc_data
  AR      sound/isa/opti9xx/built-in.a
  CC      arch/arm64/kernel/pi/kaslr_early.o
  AS      usr/initramfs_data.o
  AR      sound/pci/cs5535audio/built-in.a
  CC      lib/math/gcd.o
  AR      sound/drivers/built-in.a
  AR      sound/usb/hiface/built-in.a
  CC      fs/proc/task_mmu.o
  AR      sound/isa/sb/built-in.a
  AR      sound/pci/lola/built-in.a
  AR      sound/isa/wavefront/built-in.a
  CC      fs/proc/inode.o
  AR      sound/usb/bcd2000/built-in.a
  CC      sound/usb/card.o
  AR      sound/isa/wss/built-in.a
  AR      sound/pci/lx6464es/built-in.a
  AR      sound/isa/built-in.a
  AR      sound/pci/echoaudio/built-in.a
  AR      drivers/bus/mhi/host/built-in.a
  AR      sound/pci/emu10k1/built-in.a
  CC      crypto/api.o
  AR      drivers/bus/mhi/ep/built-in.a
  CC      arch/arm64/mm/copypage.o
  AR      usr/built-in.a
  CC      kernel/sched/fair.o
  CC      lib/crypto/memneq.o
  CC      arch/arm64/crypto/sha512-ce-glue.o
  CC      lib/math/lcm.o
  AR      drivers/bus/mhi/built-in.a
  AR      sound/pci/ice1712/built-in.a
  AR      sound/pci/hda/built-in.a
  AR      sound/pci/korg1212/built-in.a
  CC      drivers/bus/qcom-ebi2.o
  CC      crypto/cipher.o
  CC      fs/crypto/fname.o
  AR      sound/pci/mixart/built-in.a
  CC      crypto/compress.o
  CC      arch/arm64/kernel/pi/lib-fdt.o
  AR      sound/pci/nm256/built-in.a
  CC      fs/notify/inotify/inotify_user.o
  AR      sound/pci/oxygen/built-in.a
  CC      security/integrity/integrity_audit.o
  CC      lib/math/int_pow.o
  AR      sound/pci/pcxhr/built-in.a
  CC      block/partitions/efi.o
  CC      lib/kunit/string-stream.o
  AR      sound/pci/riptide/built-in.a
  CC      lib/kunit/assert.o
  CC [M]  arch/arm64/geniezone/../../../drivers/virt/geniezone/gzvm_vm.o
  AR      sound/pci/rme9652/built-in.a
  HOSTCC  certs/extract-cert
  CC      security/keys/permission.o
  AR      sound/pci/trident/built-in.a
  CC      arch/arm64/kernel/pi/lib-fdt_ro.o
  CC      lib/kunit/try-catch.o
  OBJCOPY arch/arm64/kernel/pi/kaslr_early.pi.o
  AR      fs/devpts/built-in.a
  AR      virt/lib/built-in.a
  CC      kernel/sched/build_policy.o
  AR      sound/pci/ymfpci/built-in.a
  CC      arch/arm64/kvm/hyp/vhe/sysreg-sr.o
  AR      sound/firewire/built-in.a
  CC      arch/arm64/lib/insn.o
  AR      virt/built-in.a
  CC      fs/kernfs/inode.o
  AR      sound/pci/vx222/built-in.a
  CC      drivers/bus/simple-pm-bus.o
  CC      kernel/sched/build_utility.o
  CC      kernel/sched/cpufreq_schedutil.o
  AR      arch/arm64/gunyah/built-in.a
  CC      crypto/asymmetric_keys/restrict.o
  AR      sound/pci/built-in.a
  CC      lib/math/int_sqrt.o
  CC      kernel/locking/mutex.o
  CERT    certs/x509_certificate_list
  CC      lib/crypto/utils.o
  CERT    certs/signing_key.x509
  AS      certs/system_certificates.o
  CC      fs/iomap/iter.o
  CC      security/keys/process_keys.o
  CC      net/802/psnap.o
  AR      fs/notify/fanotify/built-in.a
  CC      security/lsm_audit.o
  CC      security/device_cgroup.o
  CC      fs/configfs/file.o
  CC      mm/damon/ops-common.o
  CC      fs/configfs/dir.o
  CC      sound/core/memory.o
  CC      fs/sysfs/dir.o
  CC      arch/arm64/kernel/probes/kprobes.o
  CC      fs/configfs/symlink.o
  CC      drivers/irqchip/irq-sun6i-r.o
  CC      arch/arm64/mm/flush.o
  CC      block/blk-flush.o
  CC      sound/core/control.o
  CC      lib/crypto/chacha.o
  CC      net/core/datagram.o
  CC      fs/sysfs/symlink.o
  CC      fs/sysfs/mount.o
  AR      drivers/pinctrl/actions/built-in.a
  AR      drivers/phy/allwinner/built-in.a
  UPD     arch/arm64/kvm/hyp_constants.h
  AS      arch/arm64/crypto/sha512-ce-core.o
  CC      fs/verity/hash_algs.o
  CC      fs/sysfs/group.o
  CC      fs/proc/root.o
  AR      certs/built-in.a
  AR      drivers/phy/amlogic/built-in.a
  OBJCOPY arch/arm64/kernel/pi/lib-fdt.pi.o
  AR      drivers/pinctrl/bcm/built-in.a
  CC      crypto/crypto_engine.o
  OBJCOPY arch/arm64/kernel/pi/lib-fdt_ro.pi.o
  CC      fs/ext4/extents.o
  AR      drivers/phy/broadcom/built-in.a
  CC      security/selinux/hooks.o
  AR      drivers/pinctrl/cirrus/built-in.a
  AR      arch/arm64/kernel/pi/built-in.a
  CC      net/core/stream.o
  AR      drivers/pinctrl/freescale/built-in.a
  CC      lib/math/reciprocal_div.o
  AR      drivers/phy/cadence/built-in.a
  AR      drivers/pinctrl/mediatek/built-in.a
  AR      drivers/phy/freescale/built-in.a
  CC      arch/arm64/mm/ioremap.o
  LDS     arch/arm64/kvm/hyp/nvhe/hyp.lds
  CC      arch/arm64/kvm/hyp/pgtable.o
  AR      drivers/pinctrl/mvebu/built-in.a
  AR      drivers/phy/hisilicon/built-in.a
  CC      arch/arm64/crypto/ghash-ce-glue.o
  CC      arch/arm64/kvm/hyp/nvhe/timer-sr.nvhe.o
  CC      arch/arm64/kvm/hyp/nvhe/sysreg-sr.nvhe.o
  AR      drivers/phy/ingenic/built-in.a
  CC      fs/notify/fsnotify.o
  AR      drivers/pinctrl/nomadik/built-in.a
  CC      arch/arm64/kernel/probes/decode-insn.o
  AR      drivers/phy/intel/built-in.a
  CC      lib/zlib_inflate/inffast.o
  CC      security/keys/request_key.o
  CC      lib/crypto/libchacha.o
  CC      crypto/algapi.o
  AR      drivers/phy/lantiq/built-in.a
  AR      drivers/pinctrl/nuvoton/built-in.a
  AR      drivers/pinctrl/qcom/built-in.a
  CC      net/llc/llc_input.o
  CC      net/llc/llc_output.o
  AR      drivers/phy/marvell/built-in.a
  CC      fs/ext4/extents_status.o
  AR      drivers/pinctrl/sprd/built-in.a
  AR      drivers/phy/mediatek/built-in.a
  AR      arch/arm64/net/built-in.a
  AR      security/integrity/built-in.a
  CC      fs/notify/notification.o
  CC      fs/ext4/file.o
  CC      arch/arm64/mm/mem_encrypt.o
  AR      drivers/pinctrl/sunplus/built-in.a
  AR      drivers/pinctrl/ti/built-in.a
  CC      crypto/asymmetric_keys/signature.o
  CC      kernel/sched/vendor_hooks.o
  CC      mm/kfence/report.o
  CC      drivers/pinctrl/core.o
  AR      drivers/phy/microchip/built-in.a
  CC      sound/core/misc.o
  CC      kernel/power/qos.o
  CC      kernel/printk/printk.o
  CC      lib/kunit/executor.o
  AR      drivers/phy/motorola/built-in.a
  CC      net/bpf/bpf_dummy_struct_ops.o
  CC      lib/math/rational.o
  AR      drivers/bus/built-in.a
  CC      fs/proc/base.o
  CC      block/blk-settings.o
  AR      drivers/phy/mscc/built-in.a
  AS      arch/arm64/crypto/ghash-ce-core.o
  CC      arch/arm64/crypto/polyval-ce-glue.o
  AR      drivers/phy/qualcomm/built-in.a
  CC      net/sched/sch_mq.o
  CC      lib/zlib_inflate/inflate.o
  AR      drivers/phy/ralink/built-in.a
  CC      sound/usb/clock.o
  AR      drivers/phy/renesas/built-in.a
  CC      fs/quota/quota_v2.o
  CC [M]  arch/arm64/geniezone/../../../drivers/virt/geniezone/gzvm_vcpu.o
  CC      block/blk-ioc.o
  AS      arch/arm64/lib/memchr.o
  AR      drivers/phy/rockchip/built-in.a
  CC      block/blk-map.o
  AS      arch/arm64/lib/memcmp.o
  CC      net/netfilter/core.o
  AR      drivers/phy/samsung/built-in.a
  CC      mm/kasan/report.o
  AR      drivers/phy/socionext/built-in.a
  AS      arch/arm64/kernel/probes/kprobes_trampoline.o
  CC      arch/arm64/kernel/probes/simulate-insn.o
  AR      drivers/phy/st/built-in.a
  CC      fs/crypto/hkdf.o
  AS      arch/arm64/lib/memcpy.o
  AR      drivers/phy/sunplus/built-in.a
  CC      drivers/irqchip/irq-sunxi-nmi.o
  AR      drivers/phy/tegra/built-in.a
  CC      drivers/pinctrl/pinctrl-utils.o
  CC      net/ipv4/netfilter/nf_defrag_ipv4.o
  AR      fs/notify/inotify/built-in.a
  CC      fs/verity/init.o
  CC      fs/notify/group.o
  AR      drivers/phy/ti/built-in.a
  CC      fs/verity/measure.o
  CC      fs/verity/open.o
  AR      net/ethernet/built-in.a
  AR      block/partitions/built-in.a
  CC      fs/proc/generic.o
  CC      fs/proc/array.o
  CC      fs/kernfs/dir.o
  AR      drivers/phy/xilinx/built-in.a
  CC      arch/arm64/kvm/hyp/vhe/debug-sr.o
  CC      drivers/phy/phy-core.o
  CC      init/version.o
  CC      fs/kernfs/file.o
  CC      fs/iomap/buffered-io.o
  CC      fs/kernfs/symlink.o
  CC      arch/arm64/kernel/probes/uprobes.o
  CC      drivers/phy/phy-core-mipi-dphy.o
../kernel/sched/core.c:7468:69: error: use of undeclared identifier 'new_util'; did you mean 'dl_util'?
 7468 |         trace_android_rvh_effective_cpu_util(cpu, util_cfs, max, type, p, &new_util);
      |                                                                            ^~~~~~~~
      |                                                                            dl_util
../kernel/sched/core.c:7463:16: note: 'dl_util' declared here
 7463 |         unsigned long dl_util, util, irq, max;
      |                       ^
../kernel/sched/core.c:7469:6: error: use of undeclared identifier 'new_util'; did you mean 'dl_util'?
 7469 |         if (new_util != ULONG_MAX)
      |             ^~~~~~~~
      |             dl_util
../kernel/sched/core.c:7463:16: note: 'dl_util' declared here
 7463 |         unsigned long dl_util, util, irq, max;
      |                       ^
../kernel/sched/core.c:7470:10: error: use of undeclared identifier 'new_util'; did you mean 'dl_util'?
 7470 |                 return new_util;
      |                        ^~~~~~~~
      |                        dl_util
../kernel/sched/core.c:7463:16: note: 'dl_util' declared here
 7463 |         unsigned long dl_util, util, irq, max;
      |                       ^
3 errors generated.
  CC      drivers/irqchip/irq-gic.o
make[4]: *** [../scripts/Makefile.build:250: kernel/sched/core.o] Error 1
make[4]: *** Waiting for unfinished jobs....
  CC      lib/zlib_inflate/infutil.o
  CC      net/ipv4/netfilter/nf_socket_ipv4.o
  CC      net/ipv4/netfilter/nf_tproxy_ipv4.o
  CC      mm/damon/vaddr.o
  CC      mm/damon/sysfs-common.o
  CC      net/ethtool/common.o
  CC      kernel/power/main.o
  CC      fs/ext4/fsmap.o
  CC      fs/notify/mark.o
  CC      arch/arm64/mm/mmap.o
  AR      fs/sysfs/built-in.a
  CC      block/blk-merge.o
  CC      lib/crypto/aes.o
  CC      lib/crypto/blake2s.o
  CC      lib/crypto/blake2s-generic.o
  AS      arch/arm64/lib/memset.o
  CC      arch/arm64/kvm/hyp/nvhe/debug-sr.nvhe.o
  CC      lib/kunit/debugfs.o
  AS      arch/arm64/lib/strchr.o
  CC      fs/notify/fdinfo.o
  AS      arch/arm64/lib/strcmp.o
  AS      arch/arm64/lib/strlen.o
  CC      mm/fadvise.o
  CC      net/802/stp.o
  AS      arch/arm64/crypto/polyval-ce-core.o
  CC      sound/core/device.o
  CC      crypto/asymmetric_keys/public_key.o
  CC      fs/configfs/mount.o
  AR      lib/math/built-in.a
  CC      fs/quota/quota_tree.o
  ASN.1   crypto/asymmetric_keys/x509.asn1.[ch]
  CC      net/sched/sch_frag.o
  CC      security/keys/request_key_auth.o
  CC      security/keys/user_defined.o
  CC      sound/core/info.o
  AS      arch/arm64/crypto/aes-ce-core.o
  CC      sound/usb/endpoint.o
  CC      sound/core/vmaster.o
  AR      mm/kfence/built-in.a
  CC      mm/kasan/hw_tags.o
  CC [M]  arch/arm64/geniezone/../../../drivers/virt/geniezone/gzvm_irqfd.o
  CC      arch/arm64/kvm/hyp/vhe/switch.o
  ASN.1   crypto/asymmetric_keys/x509_akid.asn1.[ch]
  CC      lib/zlib_inflate/inftrees.o
  CC      net/sched/sch_api.o
  CC      fs/proc/fd.o
  CC      kernel/locking/semaphore.o
  CC      arch/arm64/crypto/aes-ce-glue.o
  CC      kernel/irq/irqdesc.o
  AR      init/built-in.a
  CC      drivers/pinctrl/pinmux.o
  CC      fs/verity/read_metadata.o
  CC      kernel/irq/handle.o
  AS      arch/arm64/lib/strncmp.o
  CC      fs/quota/quota.o
  CC      fs/ext4/fsync.o
  CC      fs/ext4/hash.o
  CC      net/netlink/policy.o
  AR      net/bpf/built-in.a
  CC      net/core/scm.o
  CC      io_uring/advise.o
  CC      lib/crypto/chacha20poly1305.o
  CC      lib/crypto/curve25519-hacl64.o
  CC      io_uring/filetable.o
  CC      sound/core/ctljack.o
  CC      sound/usb/format.o
  CC      fs/verity/verify.o
  CC      fs/ext4/ialloc.o
  CC      fs/ext4/indirect.o
  CC      drivers/irqchip/irq-gic-common.o
  AS      arch/arm64/lib/strnlen.o
  CC      fs/proc/proc_tty.o
  CC      drivers/irqchip/irq-gic-v2m.o
  CC      mm/kasan/report_hw_tags.o
  CC      lib/zlib_inflate/inflate_syms.o
  CC      block/blk-timeout.o
  CC      block/blk-lib.o
  CC      arch/arm64/crypto/aes-glue-ce.o
  CC      lib/zlib_deflate/deflate.o
  AR      sound/sparc/built-in.a
  CC      fs/crypto/hooks.o
  CC      fs/ext4/inline.o
  CC      fs/ext4/inode.o
  AR      lib/kunit/built-in.a
  AR      net/llc/built-in.a
  AR      arch/arm64/kernel/probes/built-in.a
  CC      fs/ext4/ioctl.o
  CC      block/blk-mq.o
  CC      net/xfrm/xfrm_policy.o
  CC      lib/reed_solomon/reed_solomon.o
  LDS     arch/arm64/kernel/vmlinux.lds
  CC      net/xfrm/xfrm_state.o
  CC      drivers/gpio/gpiolib.o
  CC      fs/proc/cmdline.o
  CC      arch/arm64/kvm/hyp/nvhe/switch.nvhe.o
  CC      arch/arm64/kernel/debug-monitors.o
  CC      arch/arm64/kvm/../../../virt/kvm/kvm_main.o
  AS      arch/arm64/lib/strrchr.o
  CC      mm/damon/sysfs-schemes.o
  AS      arch/arm64/kernel/entry.o
  CC      net/ipv4/route.o
  AR      fs/kernfs/built-in.a
  CC      arch/arm64/mm/pgd.o
  CC      net/ipv4/inetpeer.o
  CC      security/keys/compat.o
  CC      net/unix/af_unix.o
  CC      sound/core/jack.o
  CC      security/keys/proc.o
  CC      net/ipv4/netfilter/nf_reject_ipv4.o
  CC      crypto/asymmetric_keys/x509_loader.o
  CC      net/ipv4/protocol.o
  CC      fs/configfs/item.o
  AS      arch/arm64/crypto/aes-ce.o
  CC      security/keys/sysctl.o
  CC      lib/lzo/lzo1x_compress.o
  CC      net/ipv4/netfilter/nf_nat_h323.o
  CC [M]  arch/arm64/geniezone/../../../drivers/virt/geniezone/gzvm_ioeventfd.o
  CC      fs/quota/kqid.o
  CC      kernel/printk/printk_safe.o
  AR      fs/notify/built-in.a
  CC      fs/crypto/keyring.o
  CC      arch/arm64/crypto/sha256-glue.o
  CC      fs/crypto/keysetup.o
  CC      fs/crypto/keysetup_v1.o
  CC      fs/crypto/policy.o
  CC      arch/arm64/kvm/../../../virt/kvm/eventfd.o
  CC      mm/kasan/tags.o
  CC      fs/ext4/mballoc.o
  CC      drivers/pinctrl/pinconf.o
  CC      sound/core/hwdep.o
  PERLASM arch/arm64/crypto/sha256-core.S
  AS      arch/arm64/lib/tishift.o
  CC      sound/core/timer.o
  CC      arch/arm64/kvm/../../../virt/kvm/binary_stats.o
  CC      mm/kasan/report_tags.o
  AR      sound/spi/built-in.a
  CC      sound/usb/helper.o
  CC      net/ethtool/netlink.o
  CC      net/sched/sch_blackhole.o
  CC      net/netfilter/nf_log.o
  AS      arch/arm64/lib/crc32.o
  CC      io_uring/openclose.o
  AR      drivers/phy/built-in.a
  CC      crypto/asymmetric_keys/x509_public_key.o
  CC      kernel/power/process.o
  AR      net/netlink/built-in.a
  CC      drivers/gpio/gpiolib-devres.o
  AR      net/802/built-in.a
  CC      security/selinux/selinuxfs.o
  CC      sound/usb/implicit.o
  CC      fs/iomap/direct-io.o
  CC      kernel/locking/rwsem.o
  CC      lib/zlib_deflate/deftree.o
  CC      kernel/locking/percpu-rwsem.o
  CC      arch/arm64/kvm/hyp/vhe/tlb.o
  CC      mm/damon/sysfs.o
  CC      arch/arm64/kvm/hyp/vhe/../vgic-v3-sr.o
  CC      net/sched/cls_api.o
  CC      mm/maccess.o
  CC      net/sched/act_api.o
  CC      drivers/irqchip/irq-gic-v3.o
  CC      mm/page-writeback.o
  AR      lib/zlib_inflate/built-in.a
  CC      kernel/rcu/update.o
  CC      fs/proc/consoles.o
  CC      net/sched/act_police.o
  CC      kernel/irq/manage.o
  CC      drivers/irqchip/irq-gic-v3-mbi.o
  CC      fs/verity/signature.o
  CC      arch/arm64/crypto/sha512-glue.o
  CC      sound/usb/mixer.o
  CC      lib/crypto/curve25519-generic.o
  CC      fs/crypto/bio.o
  CC      fs/crypto/inline_crypt.o
  AS      arch/arm64/lib/mte.o
  CC      fs/ext4/migrate.o
  CC      arch/arm64/kernel/irq.o
  CC      arch/arm64/kernel/fpsimd.o
  CC      block/blk-mq-tag.o
  CC      arch/arm64/mm/mmu.o
  CC      sound/core/hrtimer.o
  CC      sound/core/pcm.o
  AR      arch/arm64/lib/lib.a
  AR      arch/arm64/lib/built-in.a
  CC      kernel/locking/spinlock.o
  CC      lib/lzo/lzo1x_compress_safe.o
  AR      lib/reed_solomon/built-in.a
  CC      kernel/locking/osq_lock.o
  CC      lib/lzo/lzo1x_decompress_safe.o
  CC      net/sched/act_gact.o
  CC      net/sched/act_mirred.o
  CC      security/keys/keyctl_pkey.o
  CC      lib/zlib_deflate/deflate_syms.o
  CC      net/core/gen_stats.o
  CC [M]  arch/arm64/geniezone/../../../drivers/virt/geniezone/gzvm_mmu.o
  CC      arch/arm64/kvm/hyp/vhe/../aarch32.o
  CC [M]  arch/arm64/geniezone/../../../drivers/virt/geniezone/gzvm_exception.o
  CC      block/blk-stat.o
  CC      drivers/pinctrl/pinconf-generic.o
  CC      block/blk-mq-sysfs.o
  CC      drivers/pinctrl/devicetree.o
  CC      drivers/pinctrl/pinctrl-single.o
  CC [M]  arch/arm64/geniezone/vm.o
  CC      fs/ext4/mmp.o
  CC      net/ethtool/bitset.o
  AR      fs/configfs/built-in.a
  AR      fs/quota/built-in.a
  CC      arch/arm64/kvm/../../../virt/kvm/vfio.o
  CC      arch/arm64/kvm/../../../virt/kvm/coalesced_mmio.o
  CC      fs/iomap/fiemap.o
  AR      mm/damon/built-in.a
  PERLASM arch/arm64/crypto/sha512-core.S
  CC      net/netfilter/nf_queue.o
  AS      arch/arm64/crypto/chacha-neon-core.o
  ASN.1   crypto/asymmetric_keys/pkcs7.asn1.[ch]
  CC      crypto/asymmetric_keys/pkcs7_trust.o
  CC      block/blk-mq-cpumap.o
  CC      kernel/power/suspend.o
  CC      kernel/locking/qspinlock.o
  CC      kernel/locking/rtmutex_api.o
  CC      mm/folio-compat.o
  CC      mm/readahead.o
make[3]: *** [../scripts/Makefile.build:503: kernel/sched] Error 2
make[3]: *** Waiting for unfinished jobs....
  CC      net/netfilter/nf_sockopt.o
  CC      arch/arm64/kvm/hyp/nvhe/tlb.nvhe.o
  CC      net/netfilter/utils.o
  AR      mm/kasan/built-in.a
  CC      fs/proc/cpuinfo.o
  CC      net/sched/act_skbedit.o
  CC      arch/arm64/kvm/hyp/vhe/../vgic-v2-cpuif-proxy.o
  CC      net/netfilter/nfnetlink.o
  CC      fs/jbd2/transaction.o
  CC      drivers/irqchip/irq-gic-v3-its.o
  CC      fs/jbd2/commit.o
  CC      drivers/gpio/gpiolib-legacy.o
  CC      drivers/gpio/gpiolib-of.o
  AR      fs/verity/built-in.a
  CC      lib/crypto/curve25519.o
  CC      sound/core/pcm_native.o
  CC      drivers/irqchip/irq-gic-v3-its-platform-msi.o
  CC      sound/core/pcm_lib.o
  CC      drivers/irqchip/irq-gic-v4.o
  CC      arch/arm64/crypto/chacha-neon-glue.o
  CC      net/ipv6/netfilter/ip6_tables.o
  CC      net/ipv4/netfilter/nf_nat_pptp.o
  CC      crypto/asymmetric_keys/pkcs7_verify.o
  PERLASM arch/arm64/crypto/poly1305-core.S
  CC      arch/arm64/kvm/../../../virt/kvm/irqchip.o
  CC      drivers/irqchip/irq-gic-v3-its-pci-msi.o
  CC      net/packet/af_packet.o
  CC      kernel/printk/printk_ringbuffer.o
  CC      net/key/af_key.o
  CC      kernel/irq/spurious.o
  AS      arch/arm64/kvm/hyp/nvhe/hyp-init.nvhe.o
  AS      arch/arm64/kvm/hyp/vhe/../entry.o
  AR      security/keys/built-in.a
  CC      security/selinux/netlink.o
  CC      lib/crypto/des.o
  AR      lib/zlib_deflate/built-in.a
  AS      arch/arm64/kvm/hyp/vhe/../fpsimd.o
  AS      arch/arm64/kvm/hyp/vhe/../hyp-entry.o
  CC      fs/jbd2/recovery.o
  CC      crypto/asymmetric_keys/x509.asn1.o
  CC      net/sched/act_bpf.o
  CC      net/core/gen_estimator.o
  CC      io_uring/uring_cmd.o
  CC      fs/iomap/seek.o
  CC      net/ipv6/af_inet6.o
  CC      net/core/net_namespace.o
  CC      arch/arm64/kernel/entry-common.o
  CC      net/ipv6/netfilter/ip6table_filter.o
  CC      block/blk-mq-sched.o
  CC      net/ipv4/netfilter/ip_tables.o
  CC [M]  arch/arm64/geniezone/vcpu.o
  CC      block/ioctl.o
  AR      lib/lzo/built-in.a
  CC      net/ipv4/netfilter/iptable_filter.o
  CC      fs/iomap/swapfile.o
  CC      fs/jbd2/checkpoint.o
  CC      drivers/irqchip/irq-partition-percpu.o
  CC      net/sched/sch_fifo.o
  CC      fs/ext4/move_extent.o
  CC      net/sched/sch_htb.o
  CC      fs/proc/devices.o
  CC      kernel/locking/qrwlock.o
  AS      arch/arm64/kvm/hyp/nvhe/host.nvhe.o
  CC      kernel/printk/sysctl.o
  AS      arch/arm64/kernel/entry-fpsimd.o
  CC      fs/ramfs/inode.o
  CC      kernel/rcu/sync.o
  CC      sound/usb/mixer_quirks.o
  CC      fs/fat/cache.o
  CC      arch/arm64/kernel/process.o
  CC      net/sched/sch_ingress.o
  CC      drivers/irqchip/irq-mbigen.o
  CC      arch/arm64/kvm/hyp/nvhe/hyp-main.nvhe.o
  AR      drivers/pinctrl/built-in.a
  CC      fs/fat/dir.o
  CC      drivers/gpio/gpiolib-cdev.o
  CC      arch/arm64/kvm/hyp/nvhe/hyp-smp.nvhe.o
  CC      net/unix/garbage.o
  AR      fs/crypto/built-in.a
  CC      net/ipv4/ip_input.o
  CC      arch/arm64/kvm/hyp/nvhe/psci-relay.nvhe.o
  CC      crypto/scatterwalk.o
  CC      net/core/secure_seq.o
  CC      block/genhd.o
  CC      net/core/flow_dissector.o
  CC      mm/swap.o
  CC      crypto/asymmetric_keys/x509_akid.asn1.o
  CC      mm/truncate.o
  CC      net/core/sysctl_net_core.o
  CC      mm/vmscan.o
  CC      net/sched/sch_sfq.o
  CC      net/xfrm/xfrm_hash.o
  CC      mm/shmem.o
  CC      mm/util.o
  CC      crypto/asymmetric_keys/x509_cert_parser.o
  CC      net/unix/sysctl_net_unix.o
  CC      arch/arm64/kvm/hyp/vhe/../exception.o
  CC      fs/proc/interrupts.o
  CC      fs/proc/loadavg.o
  CC      lib/crypto/poly1305-donna64.o
  CC      net/sched/sch_tbf.o
  CC      kernel/power/hibernate.o
  AR      net/bridge/netfilter/built-in.a
  CC      net/ethtool/strset.o
  CC      net/netfilter/nfnetlink_queue.o
  CC      net/bridge/br.o
  CC      arch/arm64/crypto/poly1305-glue.o
  CC      net/netfilter/nfnetlink_log.o
  AR      kernel/printk/built-in.a
  CC      net/netfilter/nf_conntrack_core.o
  CC      kernel/irq/resend.o
  CC      kernel/irq/chip.o
  CC [M]  arch/arm64/geniezone/vgic.o
  CC      kernel/irq/dummychip.o
  CC      arch/arm64/kvm/arm.o
  CC      kernel/power/snapshot.o
  CC      fs/fat/fatent.o
  CC      arch/arm64/mm/context.o
  CC      kernel/power/swap.o
  CC      lib/crypto/poly1305.o
  CC      kernel/rcu/srcutree.o
  CC      security/selinux/nlmsgtab.o
  CC      fs/proc/meminfo.o
  CC      fs/proc/stat.o
  CC      io_uring/epoll.o
  CC      kernel/rcu/tree.o
  CC      fs/ramfs/file-mmu.o
  CC      fs/ext4/namei.o
  CC      crypto/asymmetric_keys/pkcs7.asn1.o
  CC      net/xfrm/xfrm_input.o
  CC      crypto/asymmetric_keys/pkcs7_parser.o
  CC      fs/proc/uptime.o
  CC      net/unix/unix_bpf.o
  CC      net/ipv6/netfilter/ip6table_mangle.o
  CC      net/ipv6/netfilter/ip6table_raw.o
  CC      arch/arm64/kvm/mmu.o
  CC      net/ethtool/linkinfo.o
  CC      net/ipv6/netfilter/nf_defrag_ipv6_hooks.o
  AR      kernel/locking/built-in.a
  CC      fs/jbd2/revoke.o
  CC      net/ipv6/netfilter/nf_conntrack_reasm.o
  CC      net/xfrm/xfrm_output.o
  CC      sound/core/pcm_misc.o
  CC      fs/ext4/page-io.o
  CC      net/sched/sch_prio.o
  CC      net/sched/sch_multiq.o
  CC      net/sched/sch_netem.o
  CC      kernel/rcu/rcu_segcblist.o
  CC      net/bridge/br_device.o
  CC      net/ipv4/netfilter/iptable_mangle.o
  CC      net/ipv6/anycast.o
  CC      net/bridge/br_fdb.o
  CC      net/sched/sch_codel.o
  CC      fs/jbd2/journal.o
  CC      fs/exfat/inode.o
  CC      net/ipv4/netfilter/iptable_nat.o
  CC      io_uring/statx.o
  CC      fs/exfat/namei.o
  CC      fs/exfat/dir.o
  CC      net/ipv6/ip6_output.o
  CC      security/selinux/netif.o
  AR      drivers/irqchip/built-in.a
  CC      sound/usb/mixer_scarlett.o
  CC      sound/usb/mixer_scarlett2.o
  CC      net/core/dev.o
  CC      sound/usb/mixer_us16x08.o
  CC      net/ipv6/ip6_input.o
  CC      net/ipv6/addrconf.o
  CC      net/ipv6/addrlabel.o
  AR      fs/iomap/built-in.a
  CC      net/ipv6/route.o
  CC      kernel/power/user.o
  CC      net/ipv4/netfilter/iptable_raw.o
  LD [M]  arch/arm64/geniezone/gzvm.o
  CC      drivers/gpio/gpio-mmio.o
  CC      block/ioprio.o
  CC      net/ipv4/netfilter/iptable_security.o
  CC      net/core/dev_addr_lists.o
  CC      net/devlink/leftover.o
  CC      mm/mmzone.o
  AS      arch/arm64/crypto/sha256-core.o
  CC      lib/crypto/sha1.o
  CC      net/8021q/vlan_core.o
  CC      net/wireless/wext-core.o
  CC      arch/arm64/kernel/ptrace.o
  CC      net/vmw_vsock/af_vsock.o
  CC      kernel/irq/devres.o
  CC      net/wireless/wext-proc.o
  CC      mm/vmstat.o
  AS      arch/arm64/crypto/sha512-core.o
  AS      arch/arm64/crypto/poly1305-core.o
  CC      net/ipv4/ip_fragment.o
  AR      fs/ramfs/built-in.a
  CC      net/ipv4/ip_forward.o
  CC      net/ipv4/netfilter/ipt_REJECT.o
  AR      net/key/built-in.a
  AR      sound/parisc/built-in.a
  CC      fs/proc/util.o
  CC      lib/zstd/zstd_compress_module.o
  AR      arch/arm64/crypto/built-in.a
  CC      lib/lz4/lz4_compress.o
  AR      sound/pcmcia/vx/built-in.a
  CC      io_uring/net.o
  AR      sound/pcmcia/pdaudiocf/built-in.a
  CC      io_uring/msg_ring.o
  AR      arch/arm64/kvm/hyp/vhe/built-in.a
  CC      lib/xz/xz_dec_syms.o
  AR      sound/pcmcia/built-in.a
  CC      lib/xz/xz_dec_stream.o
  AS      arch/arm64/mm/proc.o
  CC      lib/xz/xz_dec_lzma2.o
  CC      net/ethtool/linkmodes.o
  CC      net/ipv6/ip6_fib.o
  CC      net/ipv6/netfilter/nf_socket_ipv6.o
  CC      lib/mpi/generic_mpih-lshift.o
  AR      crypto/asymmetric_keys/built-in.a
  CC      arch/arm64/mm/pageattr.o
  CC      crypto/proc.o
  CC      lib/zstd/compress/fse_compress.o
  CC      arch/arm64/mm/mem_relinquish.o
  CC      net/core/dst.o
  CC      block/badblocks.o
  CC      net/core/netevent.o
  CC      net/core/neighbour.o
  CC      net/core/rtnetlink.o
  CC      fs/exfat/super.o
  CC      fs/fat/file.o
  CC      fs/fat/inode.o
  CC      fs/fat/misc.o
  CC      fs/fat/nfs.o
  CC      lib/crypto/sha256.o
  CC      net/wireless/wext-spy.o
  CC      fs/exfat/fatent.o
  CC      io_uring/timeout.o
  CC      crypto/aead.o
  CC      net/netfilter/nf_conntrack_standalone.o
  CC      sound/core/pcm_memory.o
  CC      net/bridge/br_forward.o
  CC      net/sched/sch_fq_codel.o
  CC      lib/zstd/compress/hist.o
  CC      lib/zstd/compress/huf_compress.o
  CC      arch/arm64/kernel/setup.o
  CC      fs/exportfs/expfs.o
  CC      mm/backing-dev.o
  CC      fs/nls/nls_base.o
  CC      block/blk-rq-qos.o
  CC      fs/unicode/utf8-norm.o
  CC      fs/ext4/readpage.o
  CC      fs/exfat/cache.o
  AR      net/packet/built-in.a
  CC      arch/arm64/kvm/hyp/nvhe/early_alloc.nvhe.o
  CC      sound/usb/mixer_s1810c.o
  CC      fs/proc/version.o
  CC      net/bridge/br_if.o
  CC      lib/mpi/generic_mpih-mul1.o
  CC      net/ipv6/netfilter/nf_tproxy_ipv6.o
  CC      lib/xz/xz_dec_bcj.o
  CC      kernel/power/wakelock.o
  CC      lib/zstd/compress/zstd_compress.o
  CC      net/wireless/wext-priv.o
  CC      crypto/geniv.o
  CC      drivers/pwm/core.o
  CC      security/selinux/netnode.o
  CC      crypto/skcipher.o
  CC      net/sched/sch_fq.o
  CC      drivers/gpio/gpio-pl061.o
  CC      crypto/seqiv.o
  CC      net/ipv6/netfilter/nf_reject_ipv6.o
  CC      fs/proc/softirqs.o
  CC      net/ipv6/ipv6_sockglue.o
  CC      net/xfrm/xfrm_sysctl.o
  CC      net/ipv6/ndisc.o
  CC      net/xfrm/xfrm_replay.o
  CC      kernel/power/poweroff.o
  CC      kernel/power/wakeup_reason.o
  AR      net/unix/built-in.a
  CC      kernel/irq/generic-chip.o
  CC      kernel/irq/autoprobe.o
  CC      net/ipv4/netfilter/arp_tables.o
  CC      arch/arm64/kernel/signal.o
  CC      arch/arm64/mm/trans_pgd.o
  CC      net/xdp/xsk.o
  CC      net/xdp/xdp_umem.o
  CC      net/xdp/xsk_queue.o
  CC [M]  lib/crypto/arc4.o
  CC      crypto/echainiv.o
  CC      net/xdp/xskmap.o
  CC      net/ipv6/udp.o
  CC      fs/unicode/utf8-core.o
  CC      lib/lz4/lz4hc_compress.o
  CC      net/ipv6/udplite.o
  CC      kernel/power/energy_model.o
  CC      net/ipv6/raw.o
  CC      fs/fat/namei_vfat.o
  CC      net/netfilter/nf_conntrack_expect.o
  CC      net/ipv6/icmp.o
  AR      lib/xz/built-in.a
  CC      net/ethtool/linkstate.o
  AS      arch/arm64/mm/trans_pgd-asm.o
  CC      drivers/pwm/sysfs.o
  AR      sound/mips/built-in.a
  CC      arch/arm64/kernel/sys.o
  CC      sound/core/memalloc.o
  AR      sound/atmel/built-in.a
  CC      net/vmw_vsock/af_vsock_tap.o
  CC      net/bridge/br_input.o
  AR      sound/soc/codecs/built-in.a
  AR      sound/soc/generic/built-in.a
  CC      fs/nls/nls_cp437.o
  CC      net/bridge/br_ioctl.o
  CC      net/bridge/br_stp.o
  CC      net/bridge/br_stp_bpdu.o
  CC      net/ipv6/mcast.o
  AR      sound/soc/apple/built-in.a
  CC      sound/usb/pcm.o
  CC      net/ipv6/reassembly.o
  CC      net/ipv6/tcp_ipv6.o
  AR      sound/soc/adi/built-in.a
  CC      fs/exfat/nls.o
  CC      net/ipv4/ip_options.o
  CC      net/ipv6/ping.o
  CC      lib/mpi/generic_mpih-mul2.o
  AR      sound/soc/amd/built-in.a
  AR      fs/exportfs/built-in.a
  CC      net/ipv6/exthdrs.o
  CC      net/ipv6/datagram.o
  CC      net/ipv4/ip_output.o
  CC      fs/exfat/misc.o
  CC      fs/exfat/file.o
  AR      sound/soc/atmel/built-in.a
  CC      net/ipv4/netfilter/arpt_mangle.o
  AR      sound/soc/au1x/built-in.a
  CC      io_uring/sqpoll.o
  CC      io_uring/fdinfo.o
  CC      arch/arm64/kvm/hyp/nvhe/page_alloc.nvhe.o
  AR      fs/jbd2/built-in.a
  AR      sound/soc/bcm/built-in.a
  CC      fs/proc/namespaces.o
  CC      lib/lz4/lz4_decompress.o
  AR      sound/soc/cirrus/built-in.a
  CC      net/core/utils.o
  CC      lib/zstd/compress/zstd_compress_literals.o
  AR      sound/soc/dwc/built-in.a
  CC      lib/zstd/compress/zstd_compress_sequences.o
  AR      sound/soc/fsl/built-in.a
  CC      net/ipv4/ip_sockglue.o
  CC      fs/proc/self.o
  AR      sound/soc/hisilicon/built-in.a
  CC      block/disk-events.o
  CC      lib/zstd/compress/zstd_compress_superblock.o
  AR      sound/soc/jz4740/built-in.a
  AR      net/wireless/built-in.a
  CC      fs/fat/namei_msdos.o
  CC      lib/zstd/compress/zstd_double_fast.o
  AR      sound/soc/img/built-in.a
  CC      net/ipv6/netfilter/nf_dup_ipv6.o
  AR      sound/soc/intel/common/built-in.a
  CC      sound/usb/power.o
  AR      sound/soc/intel/boards/built-in.a
  CC      fs/ext4/resize.o
  CC      sound/usb/proc.o
  CC [M]  net/8021q/vlan.o
  CC      arch/arm64/mm/mteswap.o
  CC      arch/arm64/kvm/mmio.o
  AR      sound/soc/intel/built-in.a
  AR      drivers/gpio/built-in.a
  CC      net/netfilter/nf_conntrack_helper.o
  CC      net/ethtool/debug.o
  CC      io_uring/tctx.o
  CC      arch/arm64/mm/kasan_init.o
  AR      lib/crypto/built-in.a
  AR      sound/soc/mediatek/built-in.a
  LD [M]  lib/crypto/libarc4.o
  CC      kernel/irq/irqdomain.o
  CC      kernel/irq/proc.o
  AR      sound/soc/meson/built-in.a
  AR      sound/soc/mxs/built-in.a
  AR      sound/soc/kirkwood/built-in.a
  CC      crypto/ahash.o
  CC      arch/arm64/kvm/psci.o
  CC      net/ethtool/wol.o
  AR      sound/soc/pxa/built-in.a
  CC      fs/nls/nls_cp737.o
  AR      sound/soc/qcom/built-in.a
  CC      arch/arm64/kvm/hypercalls.o
  CC      fs/nls/nls_cp775.o
  CC      security/selinux/netport.o
  AR      sound/soc/rockchip/built-in.a
  AR      sound/soc/samsung/built-in.a
  CC      fs/exfat/balloc.o
  CC      fs/nls/nls_cp850.o
  AR      drivers/pwm/built-in.a
  AR      sound/soc/sh/built-in.a
  COPY    fs/unicode/utf8data.c
  AR      sound/soc/sof/built-in.a
  CC      fs/unicode/utf8data.o
  CC      drivers/pci/msi/msi.o
  CC      lib/zstd/compress/zstd_fast.o
  CC      drivers/pci/msi/pcidev_msi.o
  AR      sound/soc/spear/built-in.a
  CC      mm/mm_init.o
  AR      sound/soc/sprd/built-in.a
  CC      net/ipv6/ip6_flowlabel.o
  CC      fs/nls/nls_cp852.o
  AR      sound/soc/sti/built-in.a
  AR      sound/soc/stm/built-in.a
  CC      lib/mpi/generic_mpih-mul3.o
  CC      fs/nls/nls_cp855.o
  AR      sound/soc/sunxi/built-in.a
  CC      net/core/link_watch.o
  CC      net/xdp/xsk_buff_pool.o
  CC      drivers/pci/msi/irqdomain.o
  AR      sound/soc/tegra/built-in.a
  CC      sound/core/pcm_timer.o
  CC      net/ipv4/netfilter/arptable_filter.o
  AR      sound/soc/ti/built-in.a
  CC      net/ipv6/inet6_connection_sock.o
  AR      kernel/power/built-in.a
  AS      arch/arm64/kvm/hyp/nvhe/cache.nvhe.o
  CC      net/sched/cls_u32.o
  AR      sound/soc/uniphier/built-in.a
  CC      net/sched/cls_fw.o
  CC      net/ipv6/udp_offload.o
  AR      sound/soc/ux500/built-in.a
  CC      net/ipv6/seg6.o
  AR      sound/soc/xilinx/built-in.a
  CC      net/xfrm/xfrm_device.o
  CC      lib/argv_split.o
  CC      lib/fonts/fonts.o
  CC      net/ethtool/features.o
  AR      sound/soc/xtensa/built-in.a
  CC      io_uring/poll.o
  CC      lib/bug.o
  CC      sound/soc/soc-core.o
  AR      kernel/rcu/built-in.a
  CC      arch/arm64/kvm/hyp/nvhe/setup.nvhe.o
  CC [M]  net/can/af_can.o
  CC      lib/fonts/font_8x16.o
  CC [M]  net/can/proc.o
  CC      sound/core/pcm_drm_eld.o
  CC      drivers/pci/pcie/portdrv_core.o
  CC      sound/core/pcm_iec958.o
  AR      fs/fat/built-in.a
  CC      fs/proc/thread_self.o
  CC      mm/percpu.o
  CC      mm/slab_common.o
  CC      mm/compaction.o
  AR      lib/lz4/built-in.a
  CC      net/bridge/br_stp_if.o
  CC      net/ipv6/netfilter/ip6t_rpfilter.o
  CC [M]  net/8021q/vlan_dev.o
  CC [M]  net/8021q/vlan_netlink.o
  CC      net/ipv6/netfilter/ip6t_REJECT.o
  CC      kernel/irq/cpuhotplug.o
  CC      lib/zstd/compress/zstd_lazy.o
  CC      net/netfilter/nf_conntrack_proto.o
  CC      net/ipv4/inet_hashtables.o
  CC      sound/usb/quirks.o
  CC      fs/fuse/dev.o
  CC      fs/fuse/dir.o
  CC      io_uring/cancel.o
  CC      fs/overlayfs/super.o
  CC      arch/arm64/kernel/stacktrace.o
  AR      arch/arm64/mm/built-in.a
  CC      arch/arm64/kernel/time.o
  CC      arch/arm64/kernel/traps.o
  CC      fs/proc/proc_sysctl.o
  CC      fs/proc/proc_net.o
  CC      net/ipv4/inet_timewait_sock.o
  CC      fs/nls/nls_cp857.o
  CC      net/ipv6/fib6_notifier.o
  CC      net/ipv6/rpl.o
  CC      net/ipv6/ioam6.o
  AR      fs/unicode/built-in.a
  CC      net/vmw_vsock/vsock_addr.o
  CC      net/ipv6/sysctl_net_ipv6.o
  CC      crypto/shash.o
  CC      crypto/akcipher.o
  CC      lib/buildid.o
  CC      lib/clz_tab.o
  CC      lib/cmdline.o
  CC      lib/mpi/generic_mpih-rshift.o
  AR      fs/exfat/built-in.a
  CC      block/blk-ia-ranges.o
  CC      arch/arm64/kvm/pvtime.o
  CC      lib/cpumask.o
  CC      fs/ext4/super.o
  CC      net/sched/cls_basic.o
  CC      net/ethtool/privflags.o
  CC      net/netfilter/nf_conntrack_proto_generic.o
  CC      mm/interval_tree.o
  CC      drivers/pci/pcie/portdrv_pci.o
  CC      net/ethtool/rings.o
  CC      fs/fuse/file.o
  CC      net/ipv4/netfilter/nf_dup_ipv4.o
  CC      net/bridge/br_stp_timer.o
  CC      kernel/irq/pm.o
  CC      sound/core/pcm_dmaengine.o
  CC      crypto/kpp.o
  CC      net/netfilter/nf_conntrack_proto_tcp.o
  CC      kernel/irq/msi.o
  ASN.1   crypto/rsapubkey.asn1.[ch]
  CC      kernel/irq/ipi.o
  CC      fs/incfs/data_mgmt.o
  CC      lib/mpi/generic_mpih-sub1.o
  CC      fs/incfs/format.o
  AR      lib/fonts/built-in.a
  CC      block/bsg.o
  CC      fs/incfs/integrity.o
  CC      fs/overlayfs/namei.o
  ASN.1   crypto/rsaprivkey.asn1.[ch]
  AR      drivers/pci/msi/built-in.a
  CC      fs/incfs/main.o
  CC      crypto/rsa.o
  CC      fs/fuse/inode.o
  CC      drivers/pci/pcie/rcec.o
  CC      lib/ctype.o
  CC      fs/ext4/symlink.o
  CC      security/selinux/status.o
  CC      security/selinux/ss/ebitmap.o
  CC      net/ethtool/channels.o
  CC      net/bridge/br_netlink.o
  CC      net/bridge/br_netlink_tunnel.o
  CC      fs/incfs/pseudo_files.o
  CC      lib/mpi/generic_mpih-add1.o
  CC      fs/nls/nls_cp860.o
  CC      net/core/filter.o
  CC      arch/arm64/kvm/hyp/nvhe/mm.nvhe.o
  CC      net/core/sock_diag.o
  CC      net/ethtool/coalesce.o
  CC      net/core/dev_ioctl.o
  CC [M]  net/bluetooth/rfcomm/core.o
  CC      arch/arm64/kvm/hyp/nvhe/mem_protect.nvhe.o
  CC      net/core/tso.o
  CC      io_uring/kbuf.o
  CC      net/netfilter/nf_conntrack_proto_udp.o
  CC      net/ethtool/pause.o
  CC      fs/proc/kmsg.o
  CC      crypto/rsa-pkcs1pad.o
  CC      sound/usb/stream.o
  CC      sound/usb/validate.o
  CC      sound/usb/media.o
  CC      block/bsg-lib.o
  CC      fs/ext4/sysfs.o
  CC      net/xfrm/xfrm_proc.o
  CC      net/xfrm/xfrm_algo.o
  CC [M]  net/can/raw.o
  CC [M]  net/8021q/vlanproc.o
  CC      arch/arm64/kernel/io.o
  CC      lib/mpi/ec.o
  CC      lib/dec_and_lock.o
  CC      fs/ext4/xattr.o
  CC      lib/decompress.o
  CC      arch/arm64/kernel/vdso.o
  AS      arch/arm64/kernel/hyp-stub.o
  CC      lib/decompress_inflate.o
  CC      lib/mpi/mpicoder.o
  AR      net/xdp/built-in.a
  AR      net/ipv6/netfilter/built-in.a
  CC      fs/debugfs/inode.o
  AR      net/devlink/built-in.a
  CC      block/blk-cgroup.o
  CC      net/xfrm/xfrm_user.o
  CC      mm/list_lru.o
  CC      mm/workingset.o
  CC      net/xfrm/xfrm_ipcomp.o
  CC      block/blk-cgroup-rwstat.o
  AR      sound/xen/built-in.a
  AR      sound/hda/built-in.a
  AR      sound/x86/built-in.a
  CC      net/core/sock_reuseport.o
  CC      block/blk-throttle.o
  CC      net/sched/cls_flow.o
  CC      arch/arm64/kvm/hyp/nvhe/sys_regs.nvhe.o
  CC      arch/arm64/kvm/hyp/nvhe/pkvm.nvhe.o
  CC      fs/overlayfs/util.o
  CC      sound/soc/soc-dapm.o
  CC      drivers/video/backlight/backlight.o
  AR      drivers/idle/built-in.a
  CC      crypto/acompress.o
  CC      fs/proc/page.o
  CC      fs/overlayfs/inode.o
  CC      drivers/video/hdmi.o
  CC      sound/core/rawmidi.o
  CC      fs/nls/nls_cp861.o
  AR      drivers/char/ipmi/built-in.a
  CC      fs/proc/bootconfig.o
  CC      drivers/video/fbdev/core/fb_cmdline.o
  CC      lib/mpi/mpi-add.o
  CC      lib/mpi/mpi-bit.o
  CC      drivers/amba/bus.o
  CC      net/netfilter/nf_conntrack_proto_icmp.o
  CC      sound/usb/midi.o
  CC      arch/arm64/kvm/inject_fault.o
  CC      net/ethtool/eee.o
  CC      mm/debug.o
  CC      net/netfilter/nf_conntrack_extend.o
  CC      io_uring/rsrc.o
  CC      net/ipv6/ip6mr.o
  CC      net/ipv4/inet_connection_sock.o
  CC      arch/arm64/kvm/hyp/nvhe/stacktrace.nvhe.o
  CC      lib/zstd/compress/zstd_ldm.o
  CC      fs/ext4/xattr_hurd.o
  CC      io_uring/rw.o
  CC      fs/ext4/xattr_trusted.o
  CC      lib/zstd/compress/zstd_opt.o
  CC      fs/ext4/xattr_user.o
  CC      drivers/pci/pcie/aspm.o
  CC      fs/ext4/fast_commit.o
  CC      net/ethtool/tsinfo.o
  CC      fs/tracefs/inode.o
  CC      net/xfrm/xfrm_interface_core.o
  CC      fs/incfs/sysfs.o
  CC      drivers/pci/pcie/aer.o
  CC      kernel/irq/affinity.o
  CC      drivers/pci/pcie/err.o
  CC      fs/incfs/vfs.o
  CC      arch/arm64/kernel/psci.o
  CC [M]  net/bluetooth/hidp/core.o
  CC      net/ipv4/tcp.o
  CC      net/vmw_vsock/diag.o
  CC [M]  net/bluetooth/hidp/sock.o
  CC      net/vmw_vsock/virtio_transport_common.o
  CC [M]  net/l2tp/l2tp_core.o
  CC [M]  net/l2tp/l2tp_ppp.o
  CC      net/netfilter/nf_conntrack_acct.o
  CC      arch/arm64/kvm/hyp/nvhe/ffa.nvhe.o
  CC      arch/arm64/kernel/cpu_ops.o
  CC      net/ipv6/xfrm6_policy.o
  CC      io_uring/opdef.o
  CC      fs/fuse/control.o
  AR      net/8021q/built-in.a
  LD [M]  net/8021q/8021q.o
  CC      net/ethtool/cabletest.o
  CC      net/netfilter/nf_conntrack_seqadj.o
  CC      net/ipv4/tcp_input.o
  CC      fs/incfs/verity.o
  CC [M]  net/bluetooth/rfcomm/sock.o
  CC      net/sched/cls_bpf.o
  CC      net/sched/cls_matchall.o
  CC      mm/gup.o
  CC      security/selinux/ss/hashtab.o
  CC      mm/mmap_lock.o
  CC      net/vmw_vsock/vsock_loopback.o
  CC      lib/zstd/zstd_decompress_module.o
  CC      net/sched/ematch.o
  CC      fs/nls/nls_cp862.o
  CC      mm/pgsize_migration.o
  CC      fs/nls/nls_cp863.o
  AR      drivers/pci/endpoint/functions/built-in.a
  CC      drivers/video/display_timing.o
  CC      drivers/pci/endpoint/pci-epc-core.o
  AR      net/ipv4/netfilter/built-in.a
  CC      net/ipv4/tcp_output.o
  CC      drivers/video/videomode.o
  CC      crypto/scompress.o
  CC      drivers/video/of_display_timing.o
  CC      net/bridge/br_arp_nd_proxy.o
  CC      fs/debugfs/file.o
  CC      fs/overlayfs/file.o
  CC      lib/mpi/mpi-cmp.o
  CC      fs/overlayfs/dir.o
  CC      lib/zstd/decompress/huf_decompress.o
  CC      lib/zstd/decompress/zstd_ddict.o
  AR      fs/proc/built-in.a
  CC      net/core/fib_notifier.o
  CC      sound/soc/soc-jack.o
  AR      kernel/irq/built-in.a
  CC [M]  net/can/bcm.o
  CC      mm/highmem.o
  CC      net/sched/em_cmp.o
  CC      drivers/pci/pcie/pme.o
make[2]: *** [../scripts/Makefile.build:503: kernel] Error 2
make[2]: *** Waiting for unfinished jobs....
  AR      fs/tracefs/built-in.a
  CC      arch/arm64/kvm/hyp/nvhe/iommu.nvhe.o
  CC      arch/arm64/kvm/hyp/nvhe/serial.nvhe.o
  CC [M]  net/tipc/addr.o
  CC      security/selinux/ss/symtab.o
  CC      net/core/xdp.o
  CC      sound/core/compress_offload.o
  CC      fs/f2fs/dir.o
  CC      security/selinux/ss/sidtab.o
  CC      security/selinux/ss/avtab.o
  CC      io_uring/notif.o
  CC      io_uring/io-wq.o
  CC      fs/fuse/xattr.o
  CC      mm/memory.o
  CC      block/blk-ioprio.o
  CC      block/blk-iocost.o
  CC      block/mq-deadline.o
  CC      block/kyber-iosched.o
  CC      net/ethtool/tunnels.o
  CC      net/ethtool/fec.o
  AR      drivers/video/fbdev/core/built-in.a
  CC      net/ethtool/eeprom.o
  CC      lib/mpi/mpi-sub-ui.o
  AR      drivers/video/fbdev/omap/built-in.a
  CC [M]  net/rfkill/core.o
  CC      security/selinux/ss/policydb.o
  AR      drivers/video/backlight/built-in.a
  AR      drivers/video/fbdev/omap2/omapfb/dss/built-in.a
  CC      fs/nls/nls_cp864.o
  CC      fs/pstore/inode.o
  AR      drivers/video/fbdev/omap2/omapfb/displays/built-in.a
  CC      net/netfilter/nf_conntrack_proto_icmpv6.o
  CC      drivers/video/of_videomode.o
  AR      drivers/video/fbdev/omap2/omapfb/built-in.a
  CC      security/selinux/ss/services.o
  CC      crypto/algboss.o
  CC      net/netfilter/nf_conntrack_ecache.o
  AR      drivers/video/fbdev/omap2/built-in.a
  AR      drivers/amba/built-in.a
  AR      sound/usb/built-in.a
  CC      fs/erofs/super.o
  CC      arch/arm64/kernel/return_address.o
  CC      net/ipv4/tcp_timer.o
  CC      fs/nls/nls_cp865.o
  CC      fs/nls/nls_cp866.o
  AR      drivers/video/fbdev/built-in.a
  CC      fs/nls/nls_cp869.o
  CC      net/core/flow_offload.o
  AR      fs/incfs/built-in.a
  CC      lib/mpi/mpi-div.o
  CC      lib/zstd/decompress/zstd_decompress.o
  CC      sound/soc/soc-utils.o
  CC      drivers/pci/access.o
  CC      drivers/pci/controller/dwc/pcie-designware.o
  AR      drivers/pci/switch/built-in.a
  CC      drivers/pci/bus.o
  CC      drivers/pci/controller/dwc/pcie-designware-host.o
  CC      lib/mpi/mpi-inv.o
  CC [M]  net/6lowpan/core.o
  CC [M]  net/6lowpan/iphc.o
  CC      drivers/pci/controller/dwc/pcie-designware-ep.o
  CC      fs/ext4/orphan.o
  CC      fs/ext4/acl.o
  CC      fs/ext4/xattr_security.o
  CC      drivers/pci/controller/dwc/pcie-designware-plat.o
  CC      mm/mincore.o
  CC      fs/ext4/verity.o
  CC      net/ipv6/xfrm6_state.o
  CC      net/ipv6/xfrm6_input.o
  CC      net/netfilter/nf_conntrack_proto_dccp.o
  CC      net/ipv6/xfrm6_output.o
  CC      net/sched/em_nbyte.o
  CC      lib/decompress_unlz4.o
  CC      drivers/pci/endpoint/pci-epf-core.o
  CC [M]  net/bluetooth/rfcomm/tty.o
  CC      fs/overlayfs/readdir.o
  CC      block/bfq-iosched.o
  CC      sound/soc/soc-dai.o
  CC      lib/zstd/decompress/zstd_decompress_block.o
  CC      net/sched/em_u32.o
  AR      drivers/pci/pcie/built-in.a
  CC      sound/soc/soc-component.o
  CC      block/bfq-wf2q.o
  CC      net/ethtool/stats.o
  CC      mm/mlock.o
  CC      fs/erofs/inode.o
  CC      net/ipv6/xfrm6_protocol.o
  CC      security/selinux/ss/conditional.o
  CC      arch/arm64/kvm/hyp/nvhe/../vgic-v3-sr.nvhe.o
  CC      security/selinux/ss/mls.o
  CC      fs/open.o
  CC      security/selinux/ss/context.o
  CC [M]  net/tipc/bcast.o
  CC [M]  net/tipc/bearer.o
  CC      fs/read_write.o
  AR      drivers/video/built-in.a
  AR      fs/debugfs/built-in.a
  CC      fs/ext4/crypto.o
  CC      arch/arm64/kvm/hyp/nvhe/../aarch32.nvhe.o
  AR      net/xfrm/built-in.a
  CC      net/core/gro.o
  CC [M]  net/tipc/core.o
  CC [M]  net/tipc/link.o
  CC      net/ipv4/tcp_ipv4.o
  CC      arch/arm64/kernel/cpuinfo.o
  CC      fs/nls/nls_cp874.o
  CC      net/ipv6/netfilter.o
  AR      sound/core/built-in.a
  CC      crypto/testmgr.o
  CC      net/ipv4/tcp_minisocks.o
  LD [M]  net/bluetooth/hidp/hidp.o
  CC      fs/nls/nls_cp932.o
  CC      net/netfilter/nf_conntrack_proto_sctp.o
  AR      net/vmw_vsock/built-in.a
  CC      net/bridge/br_sysfs_if.o
  CC      fs/pstore/platform.o
  AR      io_uring/built-in.a
  CC      net/netfilter/nf_conntrack_proto_gre.o
  CC      drivers/pci/probe.o
  CC      drivers/pci/host-bridge.o
  CC      fs/pstore/pmsg.o
  CC      fs/overlayfs/copy_up.o
  CC      fs/file_table.o
  CC      drivers/pci/remove.o
  CC      drivers/pci/controller/dwc/pcie-qcom.o
  CC      lib/mpi/mpi-mod.o
  CC      fs/overlayfs/export.o
  LD [M]  net/rfkill/rfkill.o
  CC      lib/decompress_unzstd.o
  CC      net/core/net-sysfs.o
  CC      fs/fuse/acl.o
  CC      net/core/page_pool.o
  CC      drivers/pci/pci.o
  CC [M]  net/can/gw.o
  CC      fs/fuse/readdir.o
  CC      fs/fuse/ioctl.o
  CC      net/core/net-procfs.o
  CC      net/core/fib_rules.o
  CC      lib/zstd/common/debug.o
  CC      net/core/net-traces.o
  CC      net/core/selftests.o
  CC      lib/zstd/common/entropy_common.o
  CC      lib/zstd/common/error_private.o
  CC      drivers/pci/pci-driver.o
  CC      drivers/pci/endpoint/pci-epc-mem.o
  CC [M]  net/6lowpan/nhc.o
  CC      net/ethtool/phc_vclocks.o
  CC      sound/sound_core.o
  CC [M]  net/tipc/discover.o
  CC [M]  net/tipc/msg.o
  CC [M]  net/tipc/name_distr.o
  AR      sound/virtio/built-in.a
  CC [M]  net/6lowpan/ndisc.o
  CC      net/bridge/br_sysfs_br.o
  CC      net/sched/em_meta.o
  CC      sound/soc/soc-pcm.o
  CC      lib/mpi/mpi-mul.o
  CC      net/ipv4/tcp_cong.o
  CC      lib/mpi/mpih-cmp.o
  CC      arch/arm64/kvm/va_layout.o
  CC      fs/f2fs/file.o
  CC      fs/f2fs/inode.o
  CC      fs/f2fs/namei.o
  CC      lib/mpi/mpih-div.o
  CC      lib/mpi/mpih-mul.o
  CC      arch/arm64/kvm/handle_exit.o
  CC      lib/dump_stack.o
  CC      sound/soc/soc-devres.o
  CC      fs/nls/nls_euc-jp.o
  CC [M]  net/ieee802154/6lowpan/core.o
  CC      net/netfilter/nf_conntrack_netlink.o
  CC      fs/super.o
  CC [M]  net/nfc/core.o
  CC [M]  net/mac802154/main.o
  AR      fs/ext4/built-in.a
  CC      net/netfilter/nf_conntrack_amanda.o
  CC      fs/erofs/data.o
  CC      arch/arm64/kernel/cpu_errata.o
  CC      fs/pstore/ram.o
  CC      fs/f2fs/hash.o
  CC [M]  net/6lowpan/nhc_dest.o
  CC      fs/f2fs/super.o
  CC      mm/mmap.o
  CC      fs/f2fs/inline.o
  CC      net/ipv6/fib6_rules.o
  LD [M]  net/bluetooth/rfcomm/rfcomm.o
  CC      sound/soc/soc-ops.o
  CC      sound/soc/soc-link.o
  CC      lib/mpi/mpi-pow.o
  CC      sound/soc/soc-card.o
  CC [M]  net/bluetooth/af_bluetooth.o
  CC      net/ipv4/tcp_metrics.o
  CC      block/bfq-cgroup.o
  CC      arch/arm64/kvm/hyp/nvhe/../vgic-v2-cpuif-proxy.nvhe.o
  CC      crypto/cmac.o
  CC      drivers/pci/controller/pci-host-common.o
  CC [M]  net/tipc/subscr.o
  AR      drivers/pci/controller/mobiveil/built-in.a
  CC [M]  net/tipc/monitor.o
  CC      fs/fuse/passthrough.o
  AR      fs/overlayfs/built-in.a
  CC [M]  net/nfc/netlink.o
  CC      arch/arm64/kernel/cpufeature.o
  CC      net/ipv6/proc.o
  CC      net/ipv6/esp6.o
  CC      net/sched/em_text.o
  CC [M]  net/nfc/af_nfc.o
  CC [M]  net/ieee802154/netlink.o
  CC      lib/zstd/common/fse_decompress.o
  CC      fs/char_dev.o
  AR      security/selinux/built-in.a
  CC      fs/stat.o
  CC [M]  net/mac802154/rx.o
  AR      security/built-in.a
  CC [M]  net/mac802154/tx.o
  CC      drivers/pci/controller/dwc/pcie-kirin.o
  CC      lib/earlycpio.o
  CC [M]  net/mac802154/mac_cmd.o
  CC      lib/mpi/mpiutil.o
  CC      fs/nls/nls_cp936.o
  CC      fs/nls/nls_cp949.o
  CC      fs/nls/nls_cp950.o
  CC      drivers/pci/search.o
  AR      drivers/pci/endpoint/built-in.a
  CC [M]  net/mac802154/mib.o
  CC      net/ethtool/module.o
  CC      lib/zstd/common/zstd_common.o
  CC      block/blk-mq-pci.o
  CC      block/blk-mq-virtio.o
  CC [M]  net/nfc/rawsock.o
  CC      lib/extable.o
  CC      net/ethtool/pse-pd.o
  CC      lib/fdt.o
  CC      net/netfilter/nf_conntrack_ftp.o
  CC      crypto/hmac.o
  CC      net/ipv4/tcp_fastopen.o
  CC      net/netfilter/nf_conntrack_h323_main.o
  CC      arch/arm64/kernel/alternative.o
  LD [M]  net/can/can.o
  CC      net/ipv4/tcp_rate.o
  CC [M]  net/ieee802154/6lowpan/rx.o
  CC      fs/pstore/ram_core.o
  CC [M]  net/6lowpan/nhc_fragment.o
  CC [M]  net/ieee802154/6lowpan/reassembly.o
  CC      net/core/ptp_classifier.o
  CC      sound/soc/soc-topology.o
  CC      fs/fuse/backing.o
  CC      crypto/xcbc.o
  LD [M]  net/can/can-raw.o
  CC      crypto/crypto_null.o
  CC      sound/last.o
  CC      lib/fdt_addresses.o
  LD [M]  net/can/can-bcm.o
  CC      net/bridge/br_multicast.o
  CC      arch/arm64/kvm/guest.o
  CC [M]  net/ieee802154/6lowpan/tx.o
  LD [M]  net/can/can-gw.o
  CC      fs/f2fs/checkpoint.o
  CC      drivers/pci/controller/pci-host-generic.o
  CC      fs/erofs/namei.o
  CC      fs/f2fs/gc.o
  CC      net/netfilter/nf_conntrack_h323_asn1.o
  CC      fs/erofs/dir.o
  AR      drivers/clk/actions/built-in.a
  CC      fs/erofs/sysfs.o
  AR      drivers/clk/analogbits/built-in.a
  AR      drivers/clk/bcm/built-in.a
  CC      fs/f2fs/data.o
  CC      net/netfilter/nf_conntrack_irc.o
  CC      drivers/clk/hisilicon/clk.o
  CC      net/netfilter/nf_conntrack_broadcast.o
  CC [M]  net/tipc/name_table.o
  CC      fs/erofs/xattr.o
  CC      net/ipv6/ipcomp6.o
  CC      drivers/clk/hisilicon/clkgate-separated.o
  AR      drivers/clk/imgtec/built-in.a
  CC      crypto/md5.o
  AS      arch/arm64/kvm/hyp/nvhe/../entry.nvhe.o
  CC      fs/nls/nls_cp1250.o
  CC [M]  net/ieee802154/nl-mac.o
  CC      crypto/sha1_generic.o
  AR      drivers/clk/imx/built-in.a
  CC      crypto/sha256_generic.o
  CC      crypto/sha512_generic.o
  CC      crypto/blake2b_generic.o
  CC      net/devres.o
  AR      drivers/clk/ingenic/built-in.a
  CC [M]  net/6lowpan/nhc_hop.o
  CC      crypto/gf128mul.o
  AR      net/sched/built-in.a
  CC      net/core/netprio_cgroup.o
  CC      sound/soc/soc-generic-dmaengine-pcm.o
  CC [M]  net/nfc/llcp_core.o
  CC [M]  net/mac802154/iface.o
  AS      arch/arm64/kvm/hyp/nvhe/../fpsimd.nvhe.o
  CC      fs/nls/nls_cp1251.o
  CC      net/socket.o
  CC      fs/f2fs/node.o
  CC      net/core/dst_cache.o
  CC      drivers/pci/pci-sysfs.o
  CC      fs/nls/nls_ascii.o
  CC [M]  net/nfc/llcp_commands.o
  CC      net/ipv6/xfrm6_tunnel.o
  CC [M]  net/mac802154/llsec.o
  AR      lib/zstd/built-in.a
  AR      drivers/pci/controller/dwc/built-in.a
  AS      arch/arm64/kvm/hyp/nvhe/../hyp-entry.nvhe.o
  CC      net/ipv6/tunnel6.o
  CC      fs/fuse/virtio_fs.o
  CC [M]  net/mac802154/util.o
  CC [M]  net/mac802154/cfg.o
  CC [M]  net/nfc/llcp_sock.o
  AR      lib/mpi/built-in.a
  CC      lib/fdt_empty_tree.o
  CC      fs/exec.o
  CC      sound/soc/soc-compress.o
  CC      arch/arm64/kvm/hyp/nvhe/../exception.nvhe.o
  CC      drivers/virtio/virtio.o
  AR      drivers/soc/apple/built-in.a
  AR      drivers/dma/idxd/built-in.a
  CC      drivers/virtio/virtio_ring.o
  AR      drivers/dma/mediatek/built-in.a
  AR      drivers/dma/qcom/built-in.a
  AR      drivers/soc/aspeed/built-in.a
  AR      drivers/soc/bcm/bcm63xx/built-in.a
  AR      drivers/dma/ti/built-in.a
  CC [M]  net/bluetooth/hci_core.o
  AR      drivers/soc/bcm/built-in.a
  AR      drivers/soc/fsl/built-in.a
  CC [M]  net/ieee802154/nl-phy.o
  CC      drivers/regulator/core.o
  AR      drivers/soc/fujitsu/built-in.a
  AR      drivers/soc/imx/built-in.a
  CC      arch/arm64/kvm/debug.o
  CC      drivers/reset/hisilicon/hi6220_reset.o
  AR      drivers/dma/xilinx/built-in.a
  CC      lib/fdt_ro.o
  AR      drivers/soc/ixp4xx/built-in.a
  CC [M]  net/ieee802154/nl_policy.o
  CC      lib/fdt_rw.o
  CC      drivers/dma/dmaengine.o
  CC [M]  net/ieee802154/core.o
  CC      drivers/dma/virt-dma.o
  CC      mm/mmu_gather.o
  AR      drivers/soc/mediatek/built-in.a
  AR      drivers/pci/controller/built-in.a
  CC      arch/arm64/kernel/cacheinfo.o
  CC      net/ipv4/tcp_recovery.o
  CC      net/core/gro_cells.o
  AR      fs/pstore/built-in.a
  CC      crypto/ecb.o
  AR      drivers/soc/microchip/built-in.a
  AR      net/ethtool/built-in.a
  CC      drivers/clk/hisilicon/clkdivider-hi6220.o
  CC      net/compat.o
  AR      drivers/soc/pxa/built-in.a
  CC      crypto/cbc.o
  CC [M]  net/tipc/net.o
  CC      fs/f2fs/segment.o
  CC      fs/f2fs/recovery.o
  AR      drivers/soc/amlogic/built-in.a
  CC      net/sysctl_net.o
  CC      mm/mprotect.o
  CC      drivers/soc/qcom/qcom-geni-se.o
  CC      crypto/cts.o
  CC      drivers/regulator/dummy.o
  AR      drivers/clk/mediatek/built-in.a
  CC [M]  net/bluetooth/hci_conn.o
  CC      drivers/virtio/virtio_anchor.o
  CC      drivers/regulator/fixed-helper.o
  CC      drivers/reset/hisilicon/reset-hi3660.o
  CC      fs/nls/nls_iso8859-1.o
  CC [M]  net/tipc/netlink.o
  CC      crypto/xts.o
  CC      crypto/ctr.o
  CC      arch/arm64/kvm/hyp/nvhe/../pgtable.nvhe.o
  CC      arch/arm64/kvm/hyp/nvhe/clock.nvhe.o
  CC      lib/fdt_strerror.o
  CC [M]  net/6lowpan/nhc_ipv6.o
  CC      drivers/reset/core.o
  CC      block/blk-zoned.o
  CC      drivers/reset/reset-scmi.o
  CC [M]  net/6lowpan/nhc_mobility.o
  CC      drivers/reset/reset-simple.o
  CC      drivers/dma/of-dma.o
  CC      crypto/xctr.o
  LD [M]  net/ieee802154/6lowpan/ieee802154_6lowpan.o
  CC      block/blk-mq-debugfs.o
  CC      fs/erofs/decompressor.o
  CC      block/blk-mq-debugfs-zoned.o
  CC      drivers/regulator/helpers.o
  CC      lib/fdt_sw.o
  CC      net/ipv4/tcp_ulp.o
  CC      fs/erofs/zmap.o
  CC      mm/mremap.o
  CC      fs/erofs/zdata.o
  CC      fs/pipe.o
  CC      net/netfilter/nf_conntrack_netbios_ns.o
  CC [M]  net/mac802154/trace.o
  CC      drivers/pci/rom.o
  CC      drivers/pci/setup-res.o
  CC      fs/f2fs/shrinker.o
  CC      arch/arm64/kvm/reset.o
  CC      fs/f2fs/extent_cache.o
  CC      fs/namei.o
  CC      arch/arm64/kernel/smp.o
  CC      fs/fcntl.o
  CC      lib/fdt_wip.o
  CC      lib/flex_proportions.o
  CC      net/netfilter/nf_conntrack_pptp.o
  CC      net/ipv6/mip6.o
  CC      block/blk-pm.o
  CC      net/netfilter/nf_conntrack_sane.o
  CC      drivers/clk/hisilicon/clk-hisi-phase.o
  CC      fs/nls/nls_iso8859-2.o
  CC      arch/arm64/kvm/sys_regs.o
  CC [M]  net/6lowpan/nhc_routing.o
  CC      drivers/clk/hisilicon/crg-hi3516cv300.o
  AR      drivers/reset/hisilicon/built-in.a
  CC      crypto/hctr2.o
  CC      lib/idr.o
  CC      net/ipv6/ip6_vti.o
  CC [M]  net/tipc/netlink_compat.o
  CC [M]  net/6lowpan/nhc_udp.o
  CC      crypto/adiantum.o
  CC      net/ipv6/sit.o
  CC      net/ipv6/ip6_tunnel.o
  CC      net/ipv6/ip6_gre.o
  CC      fs/nls/nls_iso8859-3.o
  AR      sound/soc/built-in.a
  LD [M]  net/nfc/nfc.o
  CC      fs/nls/nls_iso8859-4.o
  CC      net/bridge/br_mdb.o
  AR      sound/built-in.a
  CC      fs/ioctl.o
  CC      drivers/reset/reset-sunxi.o
  CC [M]  net/tipc/node.o
  CC [M]  net/tipc/socket.o
  CC      drivers/pci/irq.o
  AR      drivers/tty/vt/built-in.a
  CC      fs/f2fs/sysfs.o
  CC      drivers/char/hw_random/core.o
  CC      drivers/clk/hisilicon/clk-hi3519.o
  AR      drivers/iommu/amd/built-in.a
  AR      drivers/gpu/host1x/built-in.a
  CC      net/bridge/br_multicast_eht.o
  CC      drivers/clk/hisilicon/clk-hi3559a.o
  CC      fs/f2fs/debug.o
  AR      drivers/iommu/intel/built-in.a
  CC      drivers/tty/hvc/hvc_dcc.o
  AR      drivers/gpu/drm/arm/built-in.a
  AR      drivers/gpu/drm/display/built-in.a
  CC      arch/arm64/kvm/stacktrace.o
  CC      drivers/gpu/drm/ttm/ttm_tt.o
  AR      drivers/iommu/arm/arm-smmu/built-in.a
  CC      crypto/nhpoly1305.o
  AR      drivers/iommu/arm/arm-smmu-v3/built-in.a
  CC      drivers/gpu/drm/ttm/ttm_bo.o
  CC      block/blk-crypto.o
  CC      block/blk-crypto-profile.o
  CC      lib/irq_regs.o
  AR      drivers/iommu/arm/built-in.a
  CC      fs/f2fs/xattr.o
  AR      fs/fuse/built-in.a
  CC      block/blk-crypto-sysfs.o
  AR      drivers/virtio/built-in.a
  CC      arch/arm64/kvm/vgic-sys-reg-v3.o
  CC      fs/f2fs/acl.o
  CC      arch/arm64/kvm/hyp/nvhe/events.nvhe.o
  CC      drivers/iommu/iommu.o
  CC      arch/arm64/kvm/fpsimd.o
  CC      arch/arm64/kvm/hyp/nvhe/trace.nvhe.o
  AR      drivers/dma/built-in.a
  CC      fs/readdir.o
  CC      fs/nls/nls_iso8859-5.o
  CC      net/core/skmsg.o
  AR      drivers/char/agp/built-in.a
  CC      fs/nls/nls_iso8859-6.o
  CC      drivers/char/mem.o
  CC [M]  net/tipc/eth_media.o
  CC      fs/nls/nls_iso8859-7.o
  CC [M]  net/ieee802154/header_ops.o
  CC      arch/arm64/kvm/pkvm.o
  AR      drivers/clk/microchip/built-in.a
  AR      drivers/clk/mstar/built-in.a
  CC      drivers/soc/qcom/smem_state.o
  CC      net/ipv6/addrconf_core.o
  CC      drivers/pci/vpd.o
  CC [M]  net/ieee802154/sysfs.o
  CC      mm/msync.o
  CC      mm/page_vma_mapped.o
  CC      mm/pagewalk.o
  CC      net/ipv4/tcp_offload.o
  CC      arch/arm64/kvm/arch_timer.o
  CC      mm/pgtable-generic.o
  AR      drivers/gpu/vga/built-in.a
  CC [M]  net/bluetooth/hci_event.o
  CC      block/blk-crypto-fallback.o
  CC      lib/is_single_threaded.o
  CC      net/netfilter/nf_conntrack_tftp.o
  CC      mm/rmap.o
  CC      drivers/regulator/devres.o
  CC      drivers/base/power/sysfs.o
  CC      drivers/block/zram/zcomp.o
  LD [M]  net/mac802154/mac802154.o
  CC      drivers/block/zram/zram_drv.o
  CC      fs/select.o
  CC      arch/arm64/kernel/smp_spin_table.o
  CC      drivers/base/power/generic_ops.o
  CC      fs/erofs/zutil.o
  AR      drivers/reset/built-in.a
  CC      drivers/regulator/irq_helpers.o
  CC      drivers/clk/hisilicon/clk-hi3660.o
  CC      net/ipv6/exthdrs_core.o
  CC      arch/arm64/kvm/hyp/nvhe/list_debug.nvhe.o
  CC      drivers/regulator/of_regulator.o
  CC      arch/arm64/kernel/topology.o
  CC      drivers/gpu/trace/trace_gpu_mem.o
  AR      drivers/misc/eeprom/built-in.a
  AS      arch/arm64/kernel/smccc-call.o
  CC      drivers/base/power/common.o
  AR      drivers/misc/cb710/built-in.a
  AR      drivers/misc/ti-st/built-in.a
  CC      fs/f2fs/verity.o
  AR      drivers/misc/lis3lv02d/built-in.a
  CC      fs/f2fs/compress.o
  CC [M]  net/ieee802154/nl802154.o
  CC      drivers/pci/setup-bus.o
  AR      drivers/misc/cardreader/built-in.a
  CC      drivers/block/brd.o
  CC      fs/nls/nls_cp1255.o
  CC      drivers/misc/sram.o
  CC      lib/klist.o
  CC      drivers/misc/uid_sys_stats.o
  CC      net/ipv6/ip6_checksum.o
  CC      net/ipv6/ip6_icmp.o
  CC      net/netfilter/nf_nat_core.o
  CC      fs/nls/nls_iso8859-9.o
  CC [M]  net/ieee802154/trace.o
  CC      crypto/gcm.o
  CC      drivers/tty/hvc/hvc_console.o
  CC      arch/arm64/kvm/trng.o
  CC      drivers/regulator/fixed.o
  CC      block/holder.o
  CC      net/ipv6/output_core.o
  CC [M]  net/ieee802154/socket.o
  CC      drivers/gpu/drm/ttm/ttm_bo_util.o
  CC      drivers/gpu/drm/ttm/ttm_bo_vm.o
  CC      drivers/gpu/drm/ttm/ttm_module.o
  CC      drivers/char/hw_random/hisi-rng.o
  CC      drivers/char/hw_random/arm_smccc_trng.o
  CC      net/ipv6/protocol.o
  CC      net/ipv6/ip6_offload.o
  CC      drivers/pci/vc.o
  CC      drivers/gpu/drm/ttm/ttm_execbuf_util.o
  CC      drivers/pci/mmap.o
  AR      drivers/clk/mvebu/built-in.a
  AR      drivers/clk/ralink/built-in.a
  AR      drivers/soc/qcom/built-in.a
  CC      drivers/char/random.o
  CC [M]  net/tipc/topsrv.o
  LD [M]  net/6lowpan/6lowpan.o
  AR      drivers/clk/renesas/built-in.a
  CC      net/core/sock_map.o
  AR      drivers/soc/renesas/built-in.a
  CC      drivers/base/power/qos.o
  AR      drivers/soc/rockchip/built-in.a
  CC      arch/arm64/kernel/syscall.o
  CC      drivers/char/hw_random/cn10k-rng.o
  CC      drivers/base/power/runtime.o
  CC      drivers/soc/sunxi/sunxi_mbus.o
  CC      drivers/soc/sunxi/sunxi_sram.o
  CC      drivers/pci/setup-irq.o
  CC      arch/arm64/kvm/hyp/nvhe/modules.nvhe.o
  CC      fs/dcache.o
  CC      drivers/iommu/iommu-traces.o
  CC      drivers/base/firmware_loader/builtin/main.o
  CC      fs/f2fs/iostat.o
  CC      drivers/clk/hisilicon/clk-hi3670.o
  CC      net/core/bpf_sk_storage.o
  CC      drivers/base/firmware_loader/fallback_table.o
  CC      drivers/base/power/wakeirq.o
  CC      arch/arm64/kernel/proton-pack.o
  CC      net/core/of_net.o
  CC      drivers/base/firmware_loader/main.o
  CC      drivers/gpu/drm/ttm/ttm_range_manager.o
  AR      net/bridge/built-in.a
  CC      drivers/clk/hisilicon/crg-hi3798cv200.o
  CC      drivers/base/firmware_loader/fallback.o
  CC      drivers/base/firmware_loader/sysfs.o
  CC      fs/nls/nls_iso8859-13.o
  CC      fs/nls/nls_iso8859-14.o
  CC      lib/kobject.o
  CC      arch/arm64/kvm/vmid.o
  AR      drivers/clk/socfpga/built-in.a
  CC      drivers/clk/hisilicon/clk-hi6220.o
  AR      drivers/clk/sprd/built-in.a
  CC      drivers/clk/hisilicon/reset.o
  CC      net/ipv4/datagram.o
  CC      drivers/mfd/act8945a.o
  CC      drivers/mfd/mfd-core.o
  CC      net/netfilter/nf_nat_proto.o
  CC      arch/arm64/kernel/idreg-override.o
  CC      drivers/pci/proc.o
  CC [M]  net/tipc/group.o
  CC      net/netfilter/nf_nat_helper.o
  CC      net/netfilter/nf_nat_redirect.o
  CC      arch/arm64/kvm/iommu.o
  CC      crypto/ccm.o
  CC      drivers/gpu/drm/ttm/ttm_resource.o
  CC      drivers/clk/hisilicon/clk-hi6220-stub.o
  CC      net/ipv6/tcpv6_offload.o
  AR      drivers/misc/built-in.a
  CC      drivers/char/misc.o
  CC      net/ipv4/raw.o
  AR      drivers/gpu/drm/rcar-du/built-in.a
  CC      drivers/clk/hisilicon/clk-hi3660-stub.o
  AR      drivers/block/zram/built-in.a
  CC      drivers/base/power/main.o
  CC      mm/vmalloc.o
  CC      fs/nls/nls_iso8859-15.o
  CC      drivers/pci/slot.o
  AR      drivers/soc/ti/built-in.a
  CC      arch/arm64/kvm/vgic/vgic.o
  AR      drivers/soc/xilinx/built-in.a
  AR      drivers/gpu/trace/built-in.a
  CC      drivers/block/loop.o
  CC      net/netfilter/nf_nat_masquerade.o
  CC      drivers/iommu/iommu-sysfs.o
  CC      drivers/iommu/dma-iommu.o
  CC      net/netfilter/nf_nat_amanda.o
  CC      drivers/iommu/io-pgtable.o
  AR      fs/erofs/built-in.a
  CC      lib/kobject_uevent.o
  CC      drivers/iommu/io-pgtable-arm-v7s.o
  AR      drivers/gpu/drm/omapdrm/built-in.a
  AR      drivers/gpu/drm/tilcdc/built-in.a
  CC      net/ipv4/udp.o
  CC      mm/process_vm_access.o
  AR      drivers/gpu/drm/imx/built-in.a
  AR      drivers/gpu/drm/i2c/built-in.a
  CC      net/ipv4/udplite.o
  CC      fs/inode.o
  CC      lib/logic_pio.o
  CC      drivers/base/regmap/regmap.o
  CC      fs/attr.o
  CC      fs/nls/nls_koi8-r.o
  CC      drivers/pci/of.o
  AR      drivers/char/hw_random/built-in.a
  CC      net/ipv6/exthdrs_offload.o
  CC      drivers/base/power/wakeup.o
  CC [M]  net/tipc/trace.o
  CC      net/netfilter/nf_nat_ftp.o
  CC      arch/arm64/kvm/vgic/vgic-init.o
  CC      arch/arm64/kvm/vgic/vgic-irqfd.o
  CC [M]  net/bluetooth/mgmt.o
  AR      drivers/base/firmware_loader/builtin/built-in.a
  CC      arch/arm64/kvm/vgic/vgic-v2.o
  AS      arch/arm64/kvm/hyp/nvhe/../../../lib/clear_page.nvhe.o
  AR      drivers/regulator/built-in.a
  CC [M]  net/tipc/udp_media.o
  CC      crypto/chacha20poly1305.o
  CC      lib/maple_tree.o
  CC [M]  net/bluetooth/hci_sock.o
  CC      mm/page_alloc.o
  CC [M]  net/tipc/sysctl.o
  AR      block/built-in.a
  AR      drivers/tty/hvc/built-in.a
  CC      fs/bad_inode.o
  CC      fs/file.o
  CC      drivers/base/power/wakeup_stats.o
  CC      fs/filesystems.o
  CC [M]  net/tipc/crypto.o
  AS      arch/arm64/kvm/hyp/nvhe/../../../lib/copy_page.nvhe.o
  CC      drivers/tty/serial/8250/8250_core.o
  CC      drivers/tty/serdev/core.o
  CC [M]  net/tipc/diag.o
  CC      fs/namespace.o
  CC      net/ipv6/inet6_hashtables.o
  CC      net/ipv6/ip6_udp_tunnel.o
  CC      fs/seq_file.o
  LD [M]  net/ieee802154/ieee802154.o
  CC      drivers/mfd/syscon.o
  CC      lib/memcat_p.o
  AR      drivers/soc/sunxi/built-in.a
  AS      arch/arm64/kvm/hyp/nvhe/../../../lib/memcpy.nvhe.o
  CC      arch/arm64/kernel/idle.o
  AR      drivers/soc/built-in.a
  CC      fs/nls/nls_koi8-u.o
  CC      drivers/base/regmap/regcache.o
  CC      lib/nmi_backtrace.o
  CC      drivers/pci/quirks.o
  CC      net/netfilter/nf_nat_irc.o
  CC      drivers/base/power/domain.o
  CC      net/netfilter/nf_nat_tftp.o
  CC      net/netfilter/nf_conncount.o
  CC      fs/xattr.o
  AS      arch/arm64/kvm/hyp/nvhe/../../../lib/memset.nvhe.o
  CC      net/ipv4/udp_offload.o
  CC      drivers/tty/serdev/serdev-ttyport.o
  CC      drivers/tty/serial/8250/8250_port.o
  AR      drivers/clk/hisilicon/built-in.a
  CC      fs/libfs.o
  AR      drivers/tty/ipwireless/built-in.a
  CC      drivers/gpu/drm/ttm/ttm_pool.o
  CC      drivers/gpu/drm/ttm/ttm_device.o
  CC      drivers/block/ublk_drv.o
  CC      arch/arm64/kernel/patching.o
  AR      drivers/clk/sunxi/built-in.a
  CC      drivers/base/regmap/regcache-rbtree.o
  LD      arch/arm64/kvm/hyp/nvhe/kvm_nvhe.tmp.o
  AR      drivers/clk/sunxi-ng/built-in.a
  CC      mm/shuffle.o
  HYPREL  arch/arm64/kvm/hyp/nvhe/hyp-reloc.S
  CC      drivers/base/power/domain_governor.o
  CC      net/ipv6/mcast_snoop.o
  AS      arch/arm64/kvm/hyp/nvhe/hyp-reloc.o
  AR      drivers/clk/ti/built-in.a
  CC      drivers/base/power/clock_ops.o
  CC      crypto/des_generic.o
  AR      drivers/clk/versatile/built-in.a
  AR      drivers/base/firmware_loader/built-in.a
  AR      drivers/clk/xilinx/built-in.a
  CC      drivers/pci/ats.o
  CC      drivers/tty/tty_io.o
  AR      drivers/base/test/built-in.a
  CC      drivers/clk/clk-devres.o
  CC      arch/arm64/kvm/vgic/vgic-v3.o
  LD [M]  net/ieee802154/ieee802154_socket.o
  CC      drivers/pci/iov.o
  CC      drivers/gpu/drm/ttm/ttm_sys_manager.o
  AR      fs/f2fs/built-in.a
  CC      arch/arm64/kvm/vgic/vgic-v4.o
  CC      drivers/tty/serial/serial_core.o
  CC      drivers/tty/serial/earlycon.o
  CC      fs/fs-writeback.o
  CC      drivers/tty/serial/amba-pl011.o
  CC      drivers/tty/n_tty.o
  CC      drivers/tty/serial/samsung_tty.o
  LD      arch/arm64/kvm/hyp/nvhe/kvm_nvhe.rel.o
  CC      crypto/aes_generic.o
  CC      drivers/pci/syscall.o
  HYPCOPY arch/arm64/kvm/hyp/nvhe/kvm_nvhe.o
  CC      fs/pnode.o
  CC      drivers/tty/serial/qcom_geni_serial.o
  CC      net/ipv4/arp.o
  CC      drivers/pci/ecam.o
  CC      drivers/clk/clk-bulk.o
  AR      arch/arm64/kvm/hyp/nvhe/built-in.a
  CC      drivers/tty/serial/sprd_serial.o
  AR      drivers/char/built-in.a
  AR      arch/arm64/kvm/hyp/built-in.a
  CC      drivers/base/regmap/regcache-flat.o
  CC      drivers/base/regmap/regmap-debugfs.o
  CC      drivers/base/component.o
  CC      lib/plist.o
  CC      arch/arm64/kvm/vgic/vgic-mmio.o
  CC      fs/nls/nls_koi8-ru.o
  CC      drivers/tty/serial/8250/8250_dma.o
  CC      net/ipv4/icmp.o
  CC      net/ipv4/devinet.o
  CC      net/ipv4/af_inet.o
  CC      drivers/base/core.o
  CC      net/ipv4/igmp.o
  AR      net/core/built-in.a
  CC      fs/nls/nls_utf8.o
  CC      drivers/iommu/io-pgtable-arm.o
  CC      drivers/tty/serial/8250/8250_dwlib.o
  CC      fs/splice.o
  CC      arch/arm64/kernel/sys32.o
  CC      drivers/tty/serial/8250/8250_pci.o
  CC      net/netfilter/x_tables.o
  CC      drivers/tty/tty_ioctl.o
  CC      net/netfilter/xt_tcpudp.o
  AR      drivers/mfd/built-in.a
  CC      net/ipv4/fib_frontend.o
  CC [M]  net/bluetooth/hci_sysfs.o
  CC [M]  net/bluetooth/l2cap_core.o
  CC      drivers/tty/tty_ldisc.o
  CC [M]  net/bluetooth/l2cap_sock.o
  CC [M]  net/bluetooth/smp.o
  AR      drivers/nfc/built-in.a
  CC      lib/radix-tree.o
  CC      drivers/tty/tty_buffer.o
  CC      arch/arm64/kernel/signal32.o
  CC [M]  net/bluetooth/lib.o
  CC [M]  net/bluetooth/ecdh_helper.o
  CC      net/ipv4/fib_semantics.o
  CC      net/netfilter/xt_mark.o
  CC      mm/init-mm.o
  CC      drivers/iommu/iova.o
  CC      lib/ratelimit.o
  CC      crypto/chacha_generic.o
  CC      drivers/tty/serial/serial_mctrl_gpio.o
  AR      drivers/tty/serdev/built-in.a
  AR      drivers/gpu/drm/panel/built-in.a
  CC      drivers/iommu/of_iommu.o
  CC      drivers/base/regmap/regmap-i2c.o
  AR      drivers/gpu/drm/bridge/analogix/built-in.a
../drivers/tty/serial/qcom_geni_serial.c:19:10: fatal error: 'linux/qcom-geni-se-common.h' file not found
   19 | #include <linux/qcom-geni-se-common.h>
      |          ^~~~~~~~~~~~~~~~~~~~~~~~~~~~~
  CC      mm/memblock.o
  CC      mm/memory_hotplug.o
  CC      mm/madvise.o
  CC      drivers/base/bus.o
1 error generated.
make[5]: *** [../scripts/Makefile.build:250: drivers/tty/serial/qcom_geni_serial.o] Error 1
make[5]: *** Waiting for unfinished jobs....
  CC      arch/arm64/kvm/vgic/vgic-mmio-v2.o
  AR      drivers/gpu/drm/bridge/cadence/built-in.a
  CC      drivers/tty/serial/8250/8250_early.o
  CC      drivers/clk/clkdev.o
  AR      drivers/gpu/drm/bridge/imx/built-in.a
  CC      drivers/clk/clk.o
  CC      drivers/clk/clk-divider.o
  CC      drivers/tty/serial/8250/8250_fsl.o
  AR      drivers/gpu/drm/bridge/synopsys/built-in.a
  AR      drivers/gpu/drm/ttm/built-in.a
  AR      drivers/gpu/drm/bridge/built-in.a
  CC      drivers/clk/clk-fixed-factor.o
  CC      fs/sync.o
  CC      drivers/tty/serial/8250/8250_dw.o
  CC      drivers/clk/clk-fixed-rate.o
  CC      arch/arm64/kvm/vgic/vgic-mmio-v3.o
  CC      lib/rbtree.o
  CC      lib/seq_buf.o
  CC      fs/nls/mac-celtic.o
  CC      net/netfilter/xt_connmark.o
  AR      drivers/gpu/drm/hisilicon/built-in.a
  AR      drivers/block/built-in.a
  CC      crypto/poly1305_generic.o
  CC      arch/arm64/kvm/vgic/vgic-kvm-device.o
  AR      drivers/gpu/drm/mxsfb/built-in.a
  CC      arch/arm64/kvm/vgic/vgic-its.o
  AR      drivers/gpu/drm/tiny/built-in.a
  CC      arch/arm64/kvm/vgic/vgic-debug.o
  AR      drivers/gpu/drm/xlnx/built-in.a
  CC      drivers/tty/tty_port.o
  CC      arch/arm64/kvm/pmu-emul.o
  CC      drivers/base/regmap/regmap-spi.o
  CC      drivers/nvdimm/core.o
  CC      lib/show_mem.o
  CC      fs/nls/mac-centeuro.o
  CC      drivers/nvdimm/bus.o
  AR      drivers/gpu/drm/gud/built-in.a
  AR      drivers/dax/hmem/built-in.a
  AR      drivers/gpu/drm/solomon/built-in.a
  CC      fs/utimes.o
  AR      drivers/base/power/built-in.a
  CC      drivers/dax/super.o
  CC      arch/arm64/kvm/pmu.o
  CC      fs/d_path.o
  CC      drivers/gpu/drm/drm_aperture.o
  CC      drivers/dma-buf/dma-buf.o
  CC      drivers/dma-buf/heaps/deferred-free-helper.o
  CC      drivers/dma-buf/dma-fence.o
  LD [M]  net/tipc/tipc.o
  AR      drivers/cxl/core/built-in.a
  CC      net/ipv4/fib_trie.o
  CC      drivers/dma-buf/heaps/page_pool.o
  CC      arch/arm64/kvm/android_erratum_pgtable.o
  CC      drivers/dax/bus.o
  CC      drivers/dma-buf/dma-fence-array.o
  AR      drivers/cxl/built-in.a
  CC      drivers/tty/serial/8250/8250_pericom.o
  CC      drivers/dma-buf/dma-fence-chain.o
  CC      crypto/deflate.o
  CC      lib/siphash.o
  CC      mm/page_io.o
  CC      fs/nls/mac-croatian.o
  CC      drivers/tty/serial/8250/8250_of.o
  CC      fs/nls/mac-cyrillic.o
  CC      mm/swap_state.o
  CC      drivers/clk/clk-gate.o
  CC      drivers/tty/tty_mutex.o
  CC      drivers/nvdimm/dimm_devs.o
  CC      mm/swapfile.o
  CC      drivers/tty/tty_ldsem.o
  CC      fs/nls/mac-gaelic.o
  CC [M]  net/bluetooth/hci_request.o
  CC      fs/nls/mac-greek.o
  CC      crypto/crc32c_generic.o
  AR      net/ipv6/built-in.a
  CC [M]  net/bluetooth/mgmt_util.o
  CC      drivers/base/dd.o
  CC      net/netfilter/xt_nat.o
  AR      drivers/iommu/built-in.a
  CC      net/ipv4/fib_notifier.o
  CC      net/ipv4/inet_fragment.o
  CC      arch/arm64/kernel/sys_compat.o
  CC      drivers/base/regmap/regmap-spmi.o
  CC      drivers/base/regmap/regmap-mmio.o
  AS      arch/arm64/kernel/sigreturn32.o
  CC      net/netfilter/xt_CLASSIFY.o
  CC      drivers/tty/tty_baudrate.o
  CC      net/ipv4/ping.o
  CC      fs/nls/mac-iceland.o
  CC      drivers/gpu/drm/drm_auth.o
  AR      drivers/pci/built-in.a
  CC      mm/swap_slots.o
  CC      drivers/gpu/drm/drm_cache.o
  CC      net/ipv4/ip_tunnel_core.o
  CC      arch/arm64/kvm/hyp_events.o
  CC      drivers/gpu/drm/drm_file.o
  CC      drivers/gpu/drm/drm_gem.o
  CC      arch/arm64/kvm/hyp_trace.o
  CC      drivers/base/syscore.o
  CC      drivers/tty/tty_jobctrl.o
  AS      arch/arm64/kernel/kuser32.o
  CC      arch/arm64/kernel/module.o
  CC      drivers/gpu/drm/drm_ioctl.o
  TEST    lib/test_fortify/read_overflow-memchr.log
  CC      drivers/dma-buf/dma-fence-unwrap.o
  CC      drivers/base/regmap/regmap-irq.o
  CC      crypto/crc32_generic.o
  CC [M]  net/bluetooth/mgmt_config.o
  CC      drivers/nvdimm/nd_perf.o
  CC      drivers/nvdimm/dimm.o
  CC      drivers/nvdimm/region_devs.o
  CC      net/ipv4/gre_offload.o
  AR      drivers/macintosh/built-in.a
  CC      net/ipv4/metrics.o
  CC      mm/dmapool.o
  CC      drivers/scsi/scsi.o
  CC      mm/sparse.o
  CC      drivers/clk/clk-multiplier.o
  CC      drivers/scsi/hosts.o
  CC      drivers/clk/clk-mux.o
  CC      drivers/clk/clk-composite.o
  CC      mm/sparse-vmemmap.o
  CC      crypto/authenc.o
  CC      net/ipv4/netlink.o
  CC      arch/arm64/kernel/module-plts.o
  CC      mm/mmu_notifier.o
  CC      drivers/dma-buf/dma-resv.o
  CC      net/ipv4/nexthop.o
  TEST    lib/test_fortify/read_overflow-memchr_inv.log
  CC      drivers/dma-buf/dma-heap.o
  CC [M]  net/bluetooth/hci_codec.o
  AR      drivers/tty/serial/8250/built-in.a
  CC      net/ipv4/udp_tunnel_stub.o
make[4]: *** [../scripts/Makefile.build:503: drivers/tty/serial] Error 2
make[4]: *** Waiting for unfinished jobs....
  CC      drivers/gpu/drm/drm_drv.o
  CC      net/ipv4/ip_tunnel.o
  CC      arch/arm64/kernel/perf_regs.o
  CC      net/ipv4/sysctl_net_ipv4.o
  CC      fs/nls/mac-inuit.o
  CC      mm/slub.o
  CC      drivers/dma-buf/sync_file.o
  CC      fs/nls/mac-romanian.o
  CC      crypto/authencesn.o
  CC      crypto/lzo.o
  CC      arch/arm64/kernel/perf_callchain.o
  CC      net/netfilter/xt_CONNSECMARK.o
  CC      crypto/lzo-rle.o
  CC      crypto/lz4.o
  CC      net/netfilter/xt_CT.o
  CC      drivers/dma-buf/dma-buf-sysfs-stats.o
  CC      crypto/rng.o
  CC      drivers/gpu/drm/drm_sysfs.o
  CC      crypto/ansi_cprng.o
  CC      drivers/gpu/drm/drm_mm.o
  CC      drivers/clk/clk-fractional-divider.o
  CC      drivers/gpu/drm/drm_crtc.o
  CC      net/ipv4/proc.o
  AR      drivers/dma-buf/heaps/built-in.a
  AR      drivers/dax/built-in.a
  CC      drivers/nvme/host/core.o
  CC      drivers/nvme/host/ioctl.o
  CC      fs/stack.o
  AR      drivers/nvme/target/built-in.a
  CC      fs/fs_struct.o
  CC      drivers/clk/clk-gpio.o
  CC      fs/statfs.o
  CC      fs/fs_pin.o
  CC      fs/nsfs.o
  CC      drivers/clk/clk-conf.o
  TEST    lib/test_fortify/read_overflow-memcmp.log
  CC      drivers/clk/clk-scpi.o
  CC      mm/migrate.o
  CC      crypto/drbg.o
  CC      drivers/gpu/drm/drm_fourcc.o
  CC      drivers/base/driver.o
  CC      crypto/jitterentropy.o
  CC      drivers/spi/spi.o
  CC      drivers/nvdimm/region.o
  CC      drivers/spi/spi-mem.o
  CC      drivers/nvdimm/namespace_devs.o
  CC      drivers/nvdimm/label.o
  CC      drivers/nvdimm/badrange.o
  CC      mm/migrate_device.o
  CC      drivers/nvme/host/trace.o
  CC      drivers/nvdimm/claim.o
  CC      drivers/gpu/drm/drm_modes.o
  CC      drivers/nvdimm/btt_devs.o
  CC      drivers/nvdimm/pfn_devs.o
  TEST    lib/test_fortify/read_overflow-memscan.log
  CC      net/ipv4/fib_rules.o
  CC      drivers/base/class.o
  CC      drivers/base/platform.o
  CC [M]  net/bluetooth/eir.o
  CC [M]  net/bluetooth/hci_sync.o
  CC      fs/nls/mac-roman.o
  CC      net/netfilter/xt_DSCP.o
  CC      drivers/nvdimm/dax_devs.o
  CC      fs/nls/mac-turkish.o
  CC      mm/huge_memory.o
  CC      drivers/gpu/drm/drm_edid.o
make[3]: *** [../scripts/Makefile.build:503: drivers/tty] Error 2
make[3]: *** Waiting for unfinished jobs....
  CC      crypto/jitterentropy-kcapi.o
  CC      crypto/ghash-generic.o
  AR      arch/arm64/kvm/built-in.a
  CC      drivers/scsi/scsi_ioctl.o
  CC      fs/fs_types.o
  CC      mm/khugepaged.o
  CC      crypto/polyval-generic.o
  CC      drivers/nvme/host/zns.o
  CC      net/ipv4/ipmr_base.o
  CC [M]  net/bluetooth/sco.o
  CC      drivers/gpu/drm/drm_displayid.o
  CC [M]  net/bluetooth/iso.o
  CC      arch/arm64/kernel/hw_breakpoint.o
  CC      drivers/gpu/drm/drm_trace_points.o
  CC      net/ipv4/ipip.o
  CC      fs/fs_context.o
  CC      net/netfilter/xt_NETMAP.o
  CC      net/netfilter/xt_NFLOG.o
  CC      net/ipv4/gre_demux.o
  CC      drivers/nvdimm/pmem.o
  CC      fs/fs_parser.o
  CC      drivers/nvdimm/btt.o
  CC      fs/fsopen.o
  CC      fs/init.o
  CC      drivers/scsi/scsicam.o
  CC      drivers/base/cpu.o
  CC      drivers/scsi/scsi_error.o
  CC      fs/kernel_read_file.o
  CC      drivers/base/firmware.o
  AR      drivers/dma-buf/built-in.a
  TEST    lib/test_fortify/read_overflow2-memcmp.log
  CC      drivers/gpu/drm/drm_prime.o
  CC      mm/page_counter.o
  CC      crypto/zstd.o
  CC      mm/memcontrol.o
  CC      crypto/ecc.o
  CC      mm/vmpressure.o
  CC      fs/remap_range.o
  CC      fs/buffer.o
  CC      drivers/gpu/drm/drm_vma_manager.o
  CC      net/netfilter/xt_NFQUEUE.o
  CC      net/ipv4/ip_gre.o
  CC      net/netfilter/xt_REDIRECT.o
  CC      drivers/base/init.o
  CC      net/netfilter/xt_MASQUERADE.o
  CC      drivers/nvme/host/pci.o
  CC      fs/direct-io.o
  CC      drivers/base/map.o
  CC      crypto/essiv.o
  CC      net/ipv4/udp_tunnel_core.o
  AR      drivers/base/regmap/built-in.a
  CC      crypto/ecdh.o
  CC      mm/swap_cgroup.o
  CC      fs/mpage.o
  TEST    lib/test_fortify/read_overflow2-memcpy.log
  CC      crypto/ecdh_helper.o
  CC      drivers/nvdimm/of_pmem.o
  CC      drivers/gpu/drm/drm_modeset_lock.o
  AR      fs/nls/built-in.a
  AR      drivers/clk/built-in.a
  CC      fs/proc_namespace.o
  CC      fs/eventpoll.o
  CC      drivers/base/devres.o
  CC      mm/page_owner.o
  CC      drivers/base/attribute_container.o
  CC      fs/anon_inodes.o
  CC      net/netfilter/xt_SECMARK.o
  CC      fs/signalfd.o
  CC      fs/timerfd.o
  CC      fs/eventfd.o
  CC [M]  net/bluetooth/hci_debugfs.o
  CC      fs/userfaultfd.o
  CC      net/ipv4/udp_tunnel_nic.o
  TEST    lib/test_fortify/read_overflow2-memmove.log
  CC      net/ipv4/ip_vti.o
  CC      net/ipv4/esp4.o
  CC      fs/aio.o
  CC      net/ipv4/tunnel4.o
  CC      drivers/base/transport_class.o
  CC      mm/page_pinner.o
  CC      mm/cleancache.o
  CC      drivers/gpu/drm/drm_atomic.o
  CC      net/ipv4/netfilter.o
  CC      drivers/scsi/scsi_lib.o
  CC      crypto/hash_info.o
  CC      drivers/scsi/scsi_lib_dma.o
  CC      fs/locks.o
  CC      net/ipv4/inet_diag.o
  CC      drivers/gpu/drm/drm_bridge.o
  AS      arch/arm64/kernel/sleep.o
  CC      drivers/base/topology.o
  CC      net/netfilter/xt_TPROXY.o
  CC      net/ipv4/tcp_diag.o
  CC      net/ipv4/udp_diag.o
  CC      fs/binfmt_misc.o
  CC      mm/page_isolation.o
  CC      drivers/base/container.o
  CC      fs/binfmt_script.o
  TEST    lib/test_fortify/read_overflow2_field-memcpy.log
  CC      net/ipv4/tcp_cubic.o
  CC      arch/arm64/kernel/suspend.o
  CC      drivers/base/property.o
  CC      fs/binfmt_elf.o
  CC      net/netfilter/xt_TCPMSS.o
  CC      arch/arm64/kernel/cpuidle.o
  CC      net/ipv4/tcp_bpf.o
  CC      fs/compat_binfmt_elf.o
  CC      arch/arm64/kernel/jump_label.o
  CC      drivers/gpu/drm/drm_framebuffer.o
  CC      fs/mbcache.o
  CC      net/ipv4/udp_bpf.o
  CC      net/ipv4/xfrm4_policy.o
  CC      crypto/rsapubkey.asn1.o
  CC      fs/posix_acl.o
  CC      drivers/scsi/scsi_scan.o
  CC      drivers/gpu/drm/drm_connector.o
  CC      drivers/gpu/drm/drm_blend.o
  GEN     drivers/scsi/scsi_devinfo_tbl.c
  CC      drivers/scsi/scsi_devinfo.o
  CC      drivers/scsi/scsi_sysctl.o
  CC      mm/zsmalloc.o
  CC      drivers/gpu/drm/drm_encoder.o
  CC      drivers/gpu/drm/drm_mode_object.o
  CC      net/netfilter/xt_TEE.o
  CC      drivers/scsi/scsi_debugfs.o
  CC      net/netfilter/xt_TRACE.o
  CC      net/netfilter/xt_IDLETIMER.o
  CC      drivers/base/cacheinfo.o
  CC      drivers/base/swnode.o
  TEST    lib/test_fortify/read_overflow2_field-memmove.log
  CC      fs/coredump.o
  CC      drivers/gpu/drm/drm_property.o
  CC      mm/early_ioremap.o
  CC      drivers/base/auxiliary.o
  CC      drivers/scsi/scsi_trace.o
  CC      net/ipv4/xfrm4_state.o
  CC      drivers/base/memory.o
  CC      fs/drop_caches.o
  CC      crypto/rsaprivkey.asn1.o
  CC      net/ipv4/xfrm4_input.o
  CC      fs/sysctls.o
  CC      arch/arm64/kernel/efi.o
  CC      drivers/scsi/scsi_logging.o
  CC      mm/cma.o
  AS      arch/arm64/kernel/efi-entry.o
  AS      arch/arm64/kernel/efi-rt-wrapper.o
  AR      drivers/nvdimm/built-in.a
  CC      arch/arm64/kernel/pci.o
  TEST    lib/test_fortify/write_overflow-memcpy.log
  CC      arch/arm64/kernel/armv8_deprecated.o
  CC      drivers/base/module.o
  CC      mm/balloon_compaction.o
  CC      drivers/scsi/scsi_pm.o
  CC      drivers/base/hypervisor.o
  CC      mm/page_ext.o
  CC      mm/cma_debug.o
  CC      crypto/rsa_helper.o
  CC      drivers/base/soc.o
  CC      mm/userfaultfd.o
  CC      arch/arm64/kernel/paravirt.o
  CC      drivers/scsi/scsi_bsg.o
  CC      net/ipv4/xfrm4_output.o
  CC      drivers/base/pinctrl.o
  CC      drivers/scsi/scsi_common.o
  CC      net/ipv4/xfrm4_protocol.o
  CC      mm/usercopy.o
  CC      drivers/base/devcoredump.o
  CC      net/ipv4/bpf_tcp_ca.o
  CC      drivers/gpu/drm/drm_plane.o
  CC      drivers/base/platform-msi.o
  TEST    lib/test_fortify/write_overflow-memmove.log
  CC      mm/memremap.o
  AR      crypto/built-in.a
  CC      net/netfilter/xt_bpf.o
  AR      drivers/nvme/host/built-in.a
  CC      drivers/base/arch_topology.o
  AR      drivers/spi/built-in.a
  CC      drivers/base/trace.o
  CC      mm/memfd.o
  CC      arch/arm64/kernel/kaslr.o
  CC      drivers/scsi/sd.o
  AR      drivers/nvme/built-in.a
  CC      drivers/scsi/sd_zbc.o
  CC      arch/arm64/kernel/hibernate.o
  CC      mm/page_reporting.o
  AS      arch/arm64/kernel/hibernate-asm.o
  CC      net/netfilter/xt_comment.o
  CC      net/netfilter/xt_connbytes.o
  CC      arch/arm64/kernel/elfcore.o
  CC      drivers/scsi/scsi_sysfs.o
  CC      mm/ioremap.o
  CC      net/netfilter/xt_connlimit.o
  CC      net/netfilter/xt_conntrack.o
  TEST    lib/test_fortify/write_overflow-memset.log
  CC      arch/arm64/kernel/pointer_auth.o
  CC      drivers/gpu/drm/drm_color_mgmt.o
  CC      net/netfilter/xt_dscp.o
  CC      drivers/gpu/drm/drm_print.o
  CC      arch/arm64/kernel/mte.o
  CC      net/netfilter/xt_ecn.o
  AS      arch/arm64/kernel/vdso-wrap.o
  CC      net/netfilter/xt_esp.o
  AS      arch/arm64/kernel/vdso32-wrap.o
  CC      drivers/gpu/drm/drm_dumb_buffers.o
  LD [M]  net/bluetooth/bluetooth.o
  CC      net/netfilter/xt_hashlimit.o
  CC      arch/arm64/kernel/patch-scs.o
  CC      drivers/gpu/drm/drm_mode_config.o
  CC      net/netfilter/xt_helper.o
  CC      drivers/gpu/drm/drm_vblank.o
  CC      drivers/gpu/drm/drm_syncobj.o
  CC      net/netfilter/xt_hl.o
  CC      net/netfilter/xt_iprange.o
  CC      drivers/gpu/drm/drm_lease.o
  CC      drivers/gpu/drm/drm_writeback.o
  CC      drivers/gpu/drm/drm_client.o
  CC      drivers/gpu/drm/drm_client_modeset.o
  TEST    lib/test_fortify/write_overflow-strcpy-lit.log
  CC      drivers/gpu/drm/drm_atomic_uapi.o
  CC      drivers/gpu/drm/drm_managed.o
  CC      drivers/gpu/drm/drm_vblank_work.o
  CC      drivers/gpu/drm/drm_ioc32.o
  CC      drivers/gpu/drm/drm_panel.o
  AS      arch/arm64/kernel/head.o
  CC      drivers/gpu/drm/drm_of.o
  CC      drivers/gpu/drm/drm_pci.o
  OBJCOPY arch/arm64/kernel/efi-entry.stub.o
  CC      net/netfilter/xt_l2tp.o
  CC      drivers/gpu/drm/drm_debugfs.o
  CC      drivers/gpu/drm/drm_debugfs_crc.o
  CC      drivers/gpu/drm/drm_nomodeset.o
  CC      drivers/gpu/drm/drm_panel_orientation_quirks.o
  CC      net/netfilter/xt_length.o
  CC      drivers/gpu/drm/drm_gem_shmem_helper.o
  CC      net/netfilter/xt_limit.o
  CC      net/netfilter/xt_mac.o
  CC      drivers/gpu/drm/drm_bridge_connector.o
  CC      net/netfilter/xt_multiport.o
  CC      drivers/gpu/drm/drm_crtc_helper.o
  CC      net/netfilter/xt_owner.o
  CC      drivers/gpu/drm/drm_encoder_slave.o
  CC      net/netfilter/xt_pkttype.o
  CC      drivers/gpu/drm/drm_flip_work.o
  TEST    lib/test_fortify/write_overflow-strcpy.log
  CC      net/netfilter/xt_policy.o
  CC      drivers/gpu/drm/drm_probe_helper.o
  CC      net/netfilter/xt_quota.o
  CC      net/netfilter/xt_quota2.o
  CC      drivers/gpu/drm/drm_plane_helper.o
  CC      drivers/gpu/drm/drm_atomic_helper.o
  CC      drivers/gpu/drm/drm_kms_helper_common.o
  CC      drivers/gpu/drm/drm_simple_kms_helper.o
  CC      net/netfilter/xt_socket.o
  CC      drivers/gpu/drm/drm_modeset_helper.o
  CC      drivers/gpu/drm/drm_gem_atomic_helper.o
  CC      drivers/gpu/drm/drm_gem_framebuffer_helper.o
  CC      net/netfilter/xt_state.o
  CC      net/netfilter/xt_statistic.o
  CC      net/netfilter/xt_string.o
  CC      drivers/gpu/drm/drm_atomic_state_helper.o
  CC      net/netfilter/xt_time.o
  AR      fs/built-in.a
  CC      drivers/gpu/drm/drm_damage_helper.o
  TEST    lib/test_fortify/write_overflow-strlcpy-src.log
  CC      net/netfilter/xt_u32.o
  CC      drivers/gpu/drm/drm_format_helper.o
  CC      drivers/gpu/drm/drm_self_refresh_helper.o
  CC      drivers/gpu/drm/drm_rect.o
  CC      drivers/gpu/drm/bridge/panel.o
  CC      drivers/gpu/drm/drm_mipi_dsi.o
  TEST    lib/test_fortify/write_overflow-strlcpy.log
  TEST    lib/test_fortify/write_overflow-strncpy-src.log
  AR      drivers/base/built-in.a
  AR      mm/built-in.a
  TEST    lib/test_fortify/write_overflow-strncpy.log
  AR      drivers/scsi/built-in.a
  TEST    lib/test_fortify/write_overflow-strscpy.log
  AR      arch/arm64/kernel/built-in.a
  AR      arch/arm64/built-in.a
  TEST    lib/test_fortify/write_overflow_field-memcpy.log
  AR      net/ipv4/built-in.a
  TEST    lib/test_fortify/write_overflow_field-memmove.log
  TEST    lib/test_fortify/write_overflow_field-memset.log
  CC      lib/timerqueue.o
  CC      lib/win_minmax.o
  CC      lib/vsprintf.o
  CC      lib/xarray.o
  CC      lib/lockref.o
  CC      lib/bcd.o
  CC      lib/sort.o
  CC      lib/debug_locks.o
  CC      lib/random32.o
  CC      lib/bust_spinlocks.o
  CC      lib/kasprintf.o
  CC      lib/bitmap.o
  CC      lib/scatterlist.o
  CC      lib/list_sort.o
  CC      lib/uuid.o
  CC      lib/parser.o
  CC      lib/iov_iter.o
  CC      lib/clz_ctz.o
  CC      lib/bsearch.o
  CC      lib/find_bit.o
  CC      lib/llist.o
  CC      lib/memweight.o
  CC      lib/kfifo.o
  CC      lib/percpu-refcount.o
  CC      lib/rhashtable.o
  CC      lib/base64.o
  CC      lib/once.o
  CC      lib/refcount.o
  CC      lib/usercopy.o
  CC      lib/errseq.o
  CC      lib/bucket_locks.o
  CC      lib/generic-radix-tree.o
  CC      lib/string_helpers.o
  CC      lib/hexdump.o
  CC      lib/kstrtox.o
  CC      lib/pci_iomap.o
  CC      lib/iomap_copy.o
  CC      lib/devres.o
  CC      lib/trace_readwrite.o
  CC      lib/hweight.o
  CC      lib/interval_tree.o
  CC      lib/assoc_array.o
  CC      lib/list_debug.o
  CC      lib/bitrev.o
  CC      lib/linear_ranges.o
  CC      lib/crc-ccitt.o
  CC      lib/crc16.o
  HOSTCC  lib/gen_crc32table
  CC      lib/libcrc32c.o
  CC      lib/crc8.o
  CC      lib/xxhash.o
  CC      lib/genalloc.o
  CC      lib/textsearch.o
  CC      lib/ts_kmp.o
  CC      lib/ts_bm.o
  CC      lib/ts_fsm.o
  CC      lib/percpu_counter.o
  CC      lib/audit.o
  CC      lib/compat_audit.o
  CC      lib/syscall.o
  CC      lib/dynamic_debug.o
  CC      lib/errname.o
  AR      drivers/gpu/drm/built-in.a
  AR      drivers/gpu/built-in.a
  AR      net/netfilter/built-in.a
  CC      lib/nlattr.o
  AR      net/built-in.a
make[2]: *** [../scripts/Makefile.build:503: drivers] Error 2
  CC      lib/checksum.o
  CC      lib/cpu_rmap.o
  CC      lib/dynamic_queue_limits.o
  CC      lib/glob.o
  CC      lib/strncpy_from_user.o
  CC      lib/strnlen_user.o
  CC      lib/net_utils.o
  CC      lib/sg_pool.o
  CC      lib/memregion.o
  CC      lib/stackdepot.o
  CC      lib/bootconfig.o
  CC      lib/asn1_decoder.o
  GEN     lib/oid_registry_data.c
  CC      lib/ucs2_string.o
  CC      lib/sbitmap.o
  CC      lib/group_cpus.o
  CC      lib/devmem_is_allowed.o
  GEN     lib/test_fortify.log
  GEN     lib/crc32table.h
  CC      lib/oid_registry.o
  CC      lib/string.o
  CC      lib/crc32.o
  AR      lib/built-in.a
  AR      lib/lib.a
make[1]: *** [/home/zenin/kernel/Makefile:2068: .] Error 2
make[1]: Leaving directory '/home/zenin/kernel/out'
make: *** [Makefile:256: __sub-make] Error 2
